"Timeline: Evolution of Tree-of-Life, Divine Figures, and Metaphysical Concepts",,,,,,
Era/Date,Tradition/Region,Key Figures & Motifs,Concept of Deity/Metaphysics,Features & Iconography,Notes,
2000–500 BCE,"Indo-Iranian, Vedic, Persian","Mitra (Vedic), Mithra (Avestan)","Dualism (Ahura Mazda vs. Angra Mainyu), cosmic order, contracts, solar mediation","Sun, bull, cosmic order","Mitra/Mithra as god of contracts, light, and mediator; part of triad with Ahura Mazda and Anahita2347",
1200–400 BCE,"Anatolia, Phrygia","Attis, Cybele","Dying and rising god, vegetation cycles","Tree, pine, bull, shepherd","Attis as consort of Cybele, linked to vegetation and rebirth9",
600 BCE–400 CE,"Persia, Roman Empire",Mithras (Mithraism),"Solar monotheism/dualism, mediator, cosmic struggle","Bull-slaying, cave, sun, banquet","Mithras as mediator (mesites), solar hero, tauroctony; sometimes part of triad (Mithra, Ahura, Anahita)2479",
500 BCE–200 CE,"India, Central Asia","Maitreya (Buddhism), Amida (Pure Land)","Future Buddha, savior, cosmic compassion; Amida as infinite light","Lotus, tree, paradise, cosmic Buddha",Maitreya as messianic figure of future enlightenment; Amida as focus of Pure Land devotion,
500 BCE–300 CE,"Hellenistic, Greco-Egyptian","Hermes, Hermes Trismegistus","Monad (The One), Nous (divine mind), Soul (psyche), hypostasis","Caduceus, staff, winged sandals, Emerald Tablet","Hermes as messenger, guide of souls; Trismegistus as syncretic sage and revealer of Hermetic wisdom68",
100 BCE–400 CE,"Greco-Roman, Hermeticism","Hermeticism, Hermetic Monad","God as Monad (absolute unity), emanation of Nous and World Soul (Psyche), trinitarian hypostasis","As above, so below, seven heavens, cosmic ascent","Hermetica articulates unity of God, divine intellect, and soul; trinitarian metaphysics68",
100 BCE–400 CE,"Greco-Roman, Syncretic","Attis, Dionysus, Mithras","Dying/rising gods, dualism, trinity (in late syncretism)","Tree, bull, vine, ecstatic rites",Dionysus and Attis as vegetation gods; trinitarian hints in mystery cults9,
100–600 CE,"Early Christianity, Gnosticism","Christ (Messiah), Logos","Trinitarianism (Father, Son, Holy Spirit), Logos as divine mind, cosmic soul","Cross/tree, shepherd, fish, vine","Christ as cosmic Logos, Good Shepherd, Tree of Life; trinitarian doctrine solidifies",
200–1200 CE,"Hermeticism, Neoplatonism","Hermes Trismegistus, Monad, Nous, Psyche","Monad (The One), Nous (divine intellect), World Soul (Psyche), hypostasis","As above, so below, cosmic ascent, trinity of hypostases","Hermetic and Neoplatonic texts elaborate on trinitarian metaphysics, ascent of soul68",
,,,,,,
,,,,,,
,,,,,,
,,,,,,
Timeline: Evolution of Tree-of-Life/Asherah Motifs Across Eurasia,,,,,,
Year (approx.),Region/Tradition,Motif/System,Key Features,Iconography/Associations,Deity/Figure,Notes
4000–2000 BCE,"Ancient Near East, Neolithic Europe","Proto-World Tree, Bird-Snake Goddess","Tree as axis mundi, bird and snake motifs, fertility","Trees, snakes, birds, sometimes composite forms","Early Mother Goddesses (e.g., Asherah, Inanna, Hathor)",Bird and snake iconography widespread in Neolithic Europe and Egypt; tree as cosmic connector76
3000–1200 BCE,"Canaan, Ugarit, Egypt",Asherah/Tree of Life,"Wooden poles/trees as sacred symbols, fertility, nurturing","Trees flanked by animals (ibexes, goats, lions), pubic triangle, menorah-like trees","Asherah, Hathor, Astarte","Asherah poles and trees as symbols of the goddess, associated with fertility and cosmic order13459"
2500–1200 BCE,"Mesopotamia, Assyria",Sacred Tree of Life,"Stylized tree with nodes, crisscrossing lines, attended by genies/kings","Tree flanked by symmetrical figures, sometimes eagle-headed beings","Not named; associated with fertility, kingship","Iconography appears in palace reliefs; no direct textual evidence for ""Tree of Life"" term9"
1500–500 BCE,Vedic India,Proto-Chakra/World Axis,"Cosmic mountain/tree, elemental cycles, chakras as subtle centers","Axis mundi, lotus, tree motifs","Agni, Vayu, other deities",World tree as cosmic connector; early chakra ideas emerge within elemental cosmology6
1350–900 BCE,"Ugarit, Israel, Egypt","Asherah, Astarte, Anat","Tree or pole as goddess symbol, flanked by animals; snake and lion motifs","Tree, snake-entwined goddess, lioness, pubic triangle","Asherah, Astarte, Anat",Snake-entwined goddess motif prefigures later serpent symbolism in healing and esoteric traditions57
900–600 BCE,"Greece, Anatolia",World Tree/Axis Mundi,"Tree as cosmic connector, sacred groves","Tree flanked by animals, sometimes entwined by serpents","Gaia, Artemis, Cybele",Greek and Anatolian traditions absorb Near Eastern motifs; tree as world axis6
700 BCE–200 CE,"Central Asia, Eurasian Steppe","World Tree, Cosmic Axis","Tree connects heavens, earth, underworld; eagle and serpent motifs","Tree with birds in branches, snakes at roots; sometimes flanked by animals","Tengri, shamanic spirits","Shamanic cosmology: tree as axis mundi, eagle and serpent as mediators6"
600 BCE–400 CE,"Israel, Persia, Greco-Roman","Tree of Life, Caduceus, Brazen Serpent","Tree as symbol of life, healing, immortality; serpent entwined on staff","Tree, serpent on pole (brazen serpent), caduceus (two serpents on staff)","Moses (brazen serpent), Hermes (caduceus)",Biblical Asherah/tree motifs merge with serpent symbolism; caduceus and brazen serpent emerge97
200 BCE–1200 CE,"India, Tibet, Central Asia",Chakra/Tree of Life Syncretism,Chakras as subtle centers along body axis; tree as world axis,"Lotus, tree, serpent (kundalini) motifs; stupa as cosmic tree","Buddha, Hindu deities","Chakra system develops; serpent power (kundalini) rises through chakras, echoing tree/serpent symbolism6"
1000 CE–present,"Eurasia, Western Esotericism","Tree of Life, Caduceus, Chakra","Tree as axis of worlds, caduceus as healing symbol, chakra as energy centers","Tree, intertwined serpents, rainbow colors (chakras), staff","Modern: Shiva, Shakti, Hermes, etc.","Syncretism in Western esotericism: Kabbalistic Tree of Life, caduceus, and chakra system merge motifs96"
Key Motif Transformations,,,,,,
,,,,,,
Asherah/Tree of Life (Ancient Near East):,,,,,,
,,,,,,
"Asherah was worshipped as a mother goddess, often symbolized by a living tree or wooden pole, representing fertility, life, and the cosmic axis1345.",,,,,,
,,,,,,
"Iconography included trees flanked by animals (ibexes, goats, lions), and sometimes replaced by a pubic triangle, emphasizing her role as a fertility goddess5.",,,,,,
,,,,,,
"The menorah in later Israelite tradition echoes the stylized tree motif, possibly derived from Asherah worship9.",,,,,,
,,,,,,
World Tree/Cosmic Axis (Pan-Eurasian):,,,,,,
,,,,,,
"The world tree motif, connecting heaven, earth, and underworld, appears in shamanic, Indo-European, and Asian traditions, often as a cosmic axis or axis mundi6.",,,,,,
,,,,,,
"Birds (eagle) and serpents at different parts of the tree represent celestial and chthonic forces, respectively67.",,,,,,
,,,,,,
"Serpent-Entwined Motifs (Near East, Greco-Roman):",,,,,,
,,,,,,
"The serpent-entwined goddess (Astarte, Anat) in the Near East prefigures the healing serpent on the staff (brazen serpent of Moses, Greek caduceus of Hermes)79.",,,,,,
,,,,,,
"The caduceus, with two serpents entwined around a staff, becomes a symbol of healing and esoteric knowledge in Greco-Roman and later traditions9.",,,,,,
,,,,,,
"Chakra System (India, Tibet):",,,,,,
,,,,,,
"The chakra system, emerging from Vedic and later Tantric traditions, conceptualizes the body as a vertical axis (akin to the world tree), with energy centers (chakras) aligned along it6.",,,,,,
,,,,,,
"The kundalini serpent, rising through the chakras, echoes the ancient motif of the serpent ascending the cosmic tree6.",,,,,,
Summary Table: Motif Evolution,,,,,,
Motif/Element,Asherah/Tree of Life,World Tree,Serpent/Brazen Serpent,Caduceus,Chakra System,
Origin,Ancient Near East,Pan-Eurasian,"Near East, Egypt",Greece,India,
Symbolism,"Fertility, life, axis",Cosmic axis,"Healing, life force","Healing, esoteric","Energy centers, cosmic axis",
Iconography,"Tree, pole, animals","Tree, birds, snakes","Serpent on staff, entwined goddess",Staff with two serpents,"Lotus, tree, serpent (kundalini)",
Key Figures,"Asherah, Astarte",Shamanic spirits,"Moses, Hermes",Hermes,"Shiva, Buddha",
Conclusion,,,,,,
,,,,,,
"The Asherah/tree-of-life motif originated as a sacred symbol of the divine feminine and cosmic order in the ancient Near East, evolving into the world tree of Eurasian mythology, and later merging with serpent and axis motifs in Greco-Roman, biblical, and Indic traditions. These motifs ultimately influenced the development of the chakra system, the caduceus, and other esoteric symbols, illustrating a deep, cross-cultural continuity in the imagery of life, healing, and cosmic connection135679.",,,,,,
Share,,,,,,
Export,,,,,,
Rewrite,,,,,,
"can you include in this refrences to master of beasts, sheperds, dionysian and solar deities, pastoral gods like mars, messiah figures, and mithraism?",,,,,,
"can you include in this refrences to master of beasts, sheperds, dionysian and solar deities, pastoral gods like mars, messiah figures, and mithraism?",,,,,,
Answer,,,,,,
Sources,,,,,,
9.0,,,,,,
1 task,,,,,,
en.wikipediaAsherah - Wikipedia,,,,,,
threadsofspiderwoman.blogspotAsherah and the Tree of Life - threads of the spiderwoman,,,,,,
"swarajyamagNavratri Notes: Asherah, The Hebrew Goddess And The Tree Of Life",,,,,,
#ERROR!,,,,,,
,,,,,,
"Here is an expanded timeline integrating references to master of beasts, shepherds, Dionysian and solar deities, pastoral gods like Mars, messiah figures, and Mithraism, showing their relationship to the evolving tree-of-life/Asherah motifs and related symbols across Eurasia:",,,,,,
,,,,,,
Timeline: Tree-of-Life/Asherah Motifs and Associated Deities Across Eurasia,,,,,,
Year (approx.),Region/Tradition,Motif/System,Key Features & Associations,Deity/Figure(s),Notes,
4000–2000 BCE,"Mesopotamia, Canaan, Egypt","Proto-Tree of Life, Mistress of Beasts","Tree as axis mundi; goddess flanked by animals (lions, ibexes); ""Mistress of Lions"" motif","Inanna, Asherah, Hathor","Asherah depicted as ""mistress of lions,"" a classic ""master of beasts"" image1347. Hathor and Inanna also linked to trees and fertility6.",
2500–1200 BCE,"Mesopotamia, Anatolia","Tree of Life, Shepherd Kings",Sacred tree with kings or gods as shepherds; animals flanking tree,"Dumuzi (Tammuz), shepherd-king gods","Dumuzi/Tammuz as divine shepherd, linked to fertility and the sacred tree69.",
1500–500 BCE,"Canaan, Israel, Greece","Asherah, Tree of Life, Pastoral Deities",Tree or pole as goddess symbol; shepherd-king motifs; solar and fertility aspects,"Asherah, Baal, Apollo (solar/shepherd aspects), Mars (as agricultural/pastoral god)","Asherah as consort of El/Yahweh, symbolized by trees/poles; Mars originally a pastoral/agricultural god before becoming a god of war145. Apollo as solar and pastoral deity in Greece.",
900–500 BCE,"Greece, Thrace","Dionysian Motifs, Master of Beasts","God with animals, vines, tree symbolism; ecstatic rites",Dionysus,"Dionysus depicted as ""master of beasts,"" surrounded by animals, associated with vines (tree motif), and ecstatic rebirth6.",
600 BCE–400 CE,"Israel, Persia, Greco-Roman","Tree of Life, Brazen Serpent, Solar and Messiah Figures",Tree as symbol of life; serpent on staff (Moses); solar deities; messianic kings; shepherd imagery,"Moses (brazen serpent), Helios/Mithras (solar), Messiah/Christ (shepherd)","Moses' brazen serpent echoes serpent/tree motifs; Mithras as solar savior; Christ as ""Good Shepherd"" and tree/cross symbolism9.",
100 BCE–400 CE,"Roman Empire, Persia","Mithraism, Caduceus, Solar/Shepherd Motifs",Mithras slaying bull; cosmic tree/cave; solar rays; caduceus (staff with serpents),"Mithras, Hermes, Sol Invictus","Mithraic iconography includes cosmic tree/cave, solar rays, and savior motifs; Hermes' caduceus as healing/tree-serpent symbol.",
200 BCE–1200 CE,"India, Central Asia, Steppe","Chakra/Tree of Life Syncretism, Master of Beasts","Chakras as subtle centers; tree as world axis; shamanic ""master of beasts"" motifs","Shiva, Buddha, Tengri, shamanic spirits","Chakra system as vertical axis; shamanic figures as mediators between worlds, often depicted with animals and world tree9.",
1000 CE–present,"Eurasia, Western Esotericism","Tree of Life, Messiah, Solar/Shepherd Motifs",Tree as axis of worlds; Christ as cosmic shepherd/tree; caduceus; rainbow chakras,"Christ, Hermes, Shiva, modern esoteric figures","Kabbalistic Tree of Life, Christ as messianic shepherd/tree, caduceus as esoteric symbol69.",
Key Motif Connections,,,,,,
,,,,,,
Master/Mistress of Beasts:,,,,,,
,,,,,,
"Asherah is depicted as the ""mistress of lions,"" a classic master of beasts image, symbolizing dominion over nature and fertility1.",,,,,,
,,,,,,
"Dionysus in Greek art is often shown as a master of animals, surrounded by wild creatures, linking ecstatic, chthonic, and tree/vine motifs.",,,,,,
,,,,,,
Shepherds and Pastoral Gods:,,,,,,
,,,,,,
"Dumuzi/Tammuz and later Christ are divine shepherds, linking the tree (life, sustenance) to pastoral care and messianic kingship.",,,,,,
,,,,,,
"Mars, before becoming a war god, was a pastoral and agricultural deity, connected to the cycles of fertility and the land6.",,,,,,
,,,,,,
Dionysian and Solar Deities:,,,,,,
,,,,,,
"Dionysus embodies the tree/vine motif, rebirth, and the wild, while Apollo and Mithras represent solar power, cosmic order, and sometimes pastoral roles.",,,,,,
,,,,,,
"Mithras, a solar savior, is depicted with cosmic symbols (tree, cave, bull), and his cult merges Persian and Roman motifs.",,,,,,
,,,,,,
Messiah Figures:,,,,,,
,,,,,,
"The motif of the messiah/shepherd is central to Jewish and Christian traditions, with Christ depicted as the ""Good Shepherd"" and associated with the tree (cross as tree of life)9.",,,,,,
,,,,,,
The tree of life and messianic kingship are linked in biblical and apocalyptic literature.,,,,,,
,,,,,,
Mithraism and Esoteric Syncretism:,,,,,,
,,,,,,
"Mithraic iconography features the cosmic tree/cave, solar rays, and savior motifs, blending Persian, Roman, and Near Eastern elements.",,,,,,
,,,,,,
"The caduceus (Hermes' staff with two serpents) merges tree, serpent, and healing symbolism, paralleling the brazen serpent of Moses and kundalini serpent motifs.",,,,,,
Summary Table: Motifs and Deity Associations,,,,,,
Motif/Element,Master/Mistress of Beasts,Shepherd/Pastoral,Dionysian/Solar,Messiah,Mithraic/Esoteric,
Origin,"Near East, Greece","Mesopotamia, Israel","Greece, Persia","Israel, Rome","Persia, Rome, India",
Symbolism,"Dominion, fertility","Care, kingship","Ecstasy, rebirth, solar order","Salvation, tree of life","Cosmic order, salvation",
Iconography,Goddess with animals,Shepherd with staff/tree,God with animals/vines,Shepherd/tree/cross,"Bull, cave, cosmic tree, caduceus",
Key Figures,"Asherah, Dionysus","Dumuzi, Christ, Mars","Dionysus, Apollo, Mithras","Christ, Messiah","Mithras, Hermes, Shiva",
,,,,,,
"In summary: The tree-of-life/Asherah motif, as it spread across Eurasia, became deeply intertwined with the imagery of master of beasts, shepherds, Dionysian and solar deities, pastoral gods, messiah figures, and Mithraic saviors. These figures collectively express ancient humanity’s reverence for the interconnectedness of life, cosmic order, fertility, and spiritual renewal—embodied in the enduring symbol of the tree of life169.",,,,,,
