Evolution of Ancient Judaism and Hellenistic Influence: A Comprehensive Timeline,,,,,,,,,,,,,,,,,,,,,,,,,
Bronze Age and Early Israelite Period,,,,,,,,,,,,,,,,,,,,,,,,,
Date (BCE),Peoples/Cultures,Religious Beliefs & Practices,Key Events & Developments,Notable Figures/Groups,,,,,,,,,,,,,,,,,,,,,
c. 3500–1200,Canaanites (Bronze Age),"Polytheistic: El, Baal, Asherah, etc.",Canaanite city-states dominate; religious syncretism common,,,,,,,,,,,,,,,,,,,,,,
c. 1400–1200,"Proto-Israelites, Hebrews",Early Yahweh worship emerges; shared Canaanite deities and customs,Proto-Israelites emerge within Canaanite society,,,,,,,,,,,,,,,,,,,,,,
c. 1208,Israelites,Yahweh worship present; Canaanite deities persist,"""Israel"" mentioned on Merneptah Stele; Israelites appear in Canaan",,,,,,,,,,,,,,,,,,,,,,
c. 1200–1000,"Israelites, Canaanites","Yahweh worship spreads; Asherah, Baal, and others still venerated",Archaeology shows new highland villages with Israelite identity,,,,,,,,,,,,,,,,,,,,,,
Monarchic Period and Divided Kingdom,,,,,,,,,,,,,,,,,,,,,,,,,
Date (BCE),Peoples/Cultures,Religious Beliefs & Practices,Key Events & Developments,Notable Figures/Groups,,,,,,,,,,,,,,,,,,,,,
c. 1000–930,United Monarchy,"Yahweh as national god, but polytheistic practices endure",Formation of Israelite state; syncretism and idol worship reported in biblical texts,,,,,,,,,,,,,,,,,,,,,,
c. 930–722,"Israel (North), Judah (South)","Official Yahwism, but Asherah and Baal worship widespread","Prophetic and royal opposition to ""idolatry""; Asherah worship in temples",Elijah vs. prophets of Baal and Asherah,,,,,,,,,,,,,,,,,,,,,
c. 850,"Israel, Moab",Yahweh's name attested outside Israel,Moabite Stone (Mesha Stele) contains earliest known extra-biblical reference to Yahweh,,,,,,,,,,,,,,,,,,,,,,
c. 800–600,"Israel, Judah","Moves toward monolatry/monotheism, but popular religion includes Asherah",Assyrian conquest of Israel (722 BCE); reforms in Judah begin,,,,,,,,,,,,,,,,,,,,,,
640–609,Judah,"Josiah's reforms: centralization of Yahweh worship, purging of Asherah and Baal","Josiah removes Asherah from Temple, burns symbols, suppresses goddess worship",King Josiah,,,,,,,,,,,,,,,,,,,,,
Babylonian and Persian Period,,,,,,,,,,,,,,,,,,,,,,,,,
Date (BCE),Peoples/Cultures,Religious Beliefs & Practices,Key Events & Developments,Notable Figures/Groups,,,,,,,,,,,,,,,,,,,,,
586.0,"Judah, Exiles in Babylon",Monotheism solidifies among elite; popular religion still varied,Babylonian conquest; Temple destroyed; exile accelerates monotheistic Yahwism,,,,,,,,,,,,,,,,,,,,,,
539.0,Jews under Persian rule,Monotheism institutionalized; Asherah/Baal worship marginalized,Cyrus the Great conquers Babylon; issues edict allowing Jews to return to Judea; end of Babylonian Exile,Cyrus the Great,,,,,,,,,,,,,,,,,,,,,
516.0,Jews under Persian rule,Yahweh as sole deity worship established,Second Temple completed in Jerusalem; restoration of Jewish religious life and worship,Zerubbabel,,,,,,,,,,,,,,,,,,,,,
515–445,Jews under Persian rule,Codification of monotheistic practices,Persian-appointed governors rule Judea; relative autonomy; exposure to Persian administration,"Zerubbabel, Nehemiah",,,,,,,,,,,,,,,,,,,,,
500–332,Jews under Persian rule,Torah-based Judaism develops,"Jews integrated into imperial bureaucracy; Aramaic becomes common language; cultural, legal, and linguistic Persian influences","Ezra, Nehemiah",,,,,,,,,,,,,,,,,,,,,
Transition to Hellenistic Period,,,,,,,,,,,,,,,,,,,,,,,,,
Date (BCE),Peoples/Cultures,Religious Beliefs & Practices,Key Events & Developments,Notable Figures/Groups,,,,,,,,,,,,,,,,,,,,,
c. 330,Jews under Greek rule,Monotheistic Judaism meets Greek culture,Alexander the Great defeats Darius III; end of Persian rule; Judea passes from Persian to Macedonian/Greek control,Alexander the Great,,,,,,,,,,,,,,,,,,,,,
323.0,Jews under Greek rule,Jewish monotheism continues,Death of Alexander; empire splits among generals (Ptolemies & Seleucids); Judea caught between Ptolemaic Egypt and Seleucid Syria,,,,,,,,,,,,,,,,,,,,,,
301–198,Jews under Ptolemaic rule,Judaism adapts to Hellenistic environment,"Ptolemies control Judea; Alexandria becomes major Jewish center; Jews exposed to Greek language, culture, and administration",,,,,,,,,,,,,,,,,,,,,,
Early Hellenistic Jewish Developments,,,,,,,,,,,,,,,,,,,,,,,,,
Date (BCE),Peoples/Cultures,Religious Beliefs & Practices,Key Events & Developments,Notable Figures/Groups,,,,,,,,,,,,,,,,,,,,,
285-247,Hellenic Jews,Jewish-Greek cultural synthesis begins,,"The Seventy Translators (created the Septuagint, Greek translation of Hebrew Bible)",,,,,,,,,,,,,,,,,,,,,
c. 250,Hellenic Jews,Greek becomes Jewish linguistic medium,Septuagint (Greek translation of Hebrew Bible) produced in Alexandria,,,,,,,,,,,,,,,,,,,,,,
250-200,Hellenic Jews,Early Pharisaic thought emerges,,Antigonus of Sokho (early Pharisaic figure; first Jew known to have a Greek name),,,,,,,,,,,,,,,,,,,,,
220-200,Hellenic Jews,Jewish historiography in Greek,,Demetrius the Chronographer (wrote on biblical chronology in Alexandria),,,,,,,,,,,,,,,,,,,,,
198.0,Jews under Seleucid rule,Judaism under pressure from Hellenism,Seleucids take control of Judea from Ptolemies; increased Hellenistic pressure on Judean society,,,,,,,,,,,,,,,,,,,,,,
Maccabean Crisis and Response,,,,,,,,,,,,,,,,,,,,,,,,,
Date (BCE),Peoples/Cultures,Religious Beliefs & Practices,Key Events & Developments,Notable Figures/Groups,,,,,,,,,,,,,,,,,,,,,
181-124,Hellenic Jews,Fusion of Hebrew Scripture with Greek thought,,Aristobulus of Alexandria (philosopher who attempted to fuse Hebrew Scriptures with Greek thought),,,,,,,,,,,,,,,,,,,,,
175-170,Hellenic Jews,Extreme Hellenization in Temple,,Jason/Joshua (Hellenizing high priest who promoted Greek customs in Jerusalem),,,,,,,,,,,,,,,,,,,,,
175-150,Hellenic Jews,Allegorical interpretation of Torah,,Aristobulus of Paneas (early Jewish philosopher who interpreted Torah allegorically),,,,,,,,,,,,,,,,,,,,,
171-161,Hellenic Jews,Temple worship Hellenized,,Menelaus (extreme Hellenizer who supported Antiochus IV's policies),,,,,,,,,,,,,,,,,,,,,
175–164,Jews under Seleucid rule,Jewish religious practices banned,Antiochus IV Epiphanes enforces Hellenization; desecrates Temple; deep division between Hellenizers and traditionalists,Antiochus IV Epiphanes,,,,,,,,,,,,,,,,,,,,,
164.0,Jews under Seleucid rule,Traditional Temple worship restored,Maccabees rededicate the Temple (Hanukkah); restoration of Jewish worship,Judah Maccabee,,,,,,,,,,,,,,,,,,,,,
162-159,Hellenic Jews,Continued Hellenistic influence in priesthood,,Alcimus (Hellenized high priest during the Maccabean period),,,,,,,,,,,,,,,,,,,,,
Hasmonean Period,,,,,,,,,,,,,,,,,,,,,,,,,
Date (BCE),Peoples/Cultures,Religious Beliefs & Practices,Key Events & Developments,Notable Figures/Groups,,,,,,,,,,,,,,,,,,,,,
150-120,Hellenic Jews,Jewish history in Greek perspective,,Eupolemus (Jewish historian who wrote in Greek about Jewish history),,,,,,,,,,,,,,,,,,,,,
150-100,Hellenic Jews,Biblical themes in Greek dramatic forms,,Ezekiel the Tragedian (wrote Greek tragedies based on biblical themes),,,,,,,,,,,,,,,,,,,,,
140-100,Hellenic Jews,Biblical figures presented in Greek cultural terms,,Artapanus (wrote about biblical figures in Greek cultural terms),,,,,,,,,,,,,,,,,,,,,
140-100,Hellenic Jews,Jewish history for Greek audience,,Jason of Cyrene (author whose work was summarized in 2 Maccabees),,,,,,,,,,,,,,,,,,,,,
140–37,Hasmonean Dynasty,Selective adoption of Hellenistic practices,Jewish self-rule under Hasmoneans; synthesis of Jewish and Hellenistic culture; internal strife,,,,,,,,,,,,,,,,,,,,,,
139-67,Hellenic Jews,Balance of tradition and Hellenistic politics,,Salome Alexandra (Queen of Judea who navigated between Pharisaic Judaism and Hellenistic politics),,,,,,,,,,,,,,,,,,,,,
120-40,Hellenic Jews,Greek educational methods with Jewish law,,Simon ben Shetach (Pharisaic sage who incorporated Greek educational methods while maintaining Jewish law),,,,,,,,,,,,,,,,,,,,,
104-103,Hellenic Jews,Jewish kingship in Hellenistic style,,"Judah Aristobulus I (first Hasmonean to call himself king, balancing Jewish tradition with Hellenistic kingship)",,,,,,,,,,,,,,,,,,,,,
100-50,Hellenic Jews,Hellenized Sadducean thought,,"Boethus (founder of the Boethusians, a Hellenized Sadducean sect)",,,,,,,,,,,,,,,,,,,,,
100-50,Hellenic Jews,Synthesis of Jewish and Greek mythologies,,Cleodemus Malchus (connected Jewish and Greek mythologies),,,,,,,,,,,,,,,,,,,,,
Roman Period and Later Developments,,,,,,,,,,,,,,,,,,,,,,,,,
Date (BCE/CE),Peoples/Cultures,Religious Beliefs & Practices,Key Events & Developments,Notable Figures/Groups,,,,,,,,,,,,,,,,,,,,,
73-4 BCE,Hellenic Jews,Jewish kingship under Roman patronage,,Herod the Great (Hellenized Jewish king under Roman patronage),,,,,,,,,,,,,,,,,,,,,
64 BCE-4 CE,Hellenic Jews,Greek historiography in Jewish court,,Nicolaus of Damascus (Greek historian who served as advisor to Herod the Great and wrote his biography),,,,,,,,,,,,,,,,,,,,,
63 BCE,Jews under Roman rule,Judaism under Roman oversight,Pompey conquers Jerusalem; Judea becomes Roman client state; end of independent Jewish rule; further Hellenistic influence under Rome,Pompey,,,,,,,,,,,,,,,,,,,,,
50 BCE-50 CE,Hellenic Jews,Jewish ethics in Greek poetic form,,Pseudo-Phocylides (author of moral poetry blending Jewish ethics with Greek forms),,,,,,,,,,,,,,,,,,,,,
20 BCE-50 CE,Hellenic Jews,Jewish theology with Greek philosophy,,Philo of Alexandria (synthesized Jewish theology with Greek philosophy),,,,,,,,,,,,,,,,,,,,,
10 BCE-45 CE,Hellenic Jews,Jewish integration in Hellenistic administration,,"Alexander the Alabarch (wealthy Alexandrian Jew, customs official, brother of Philo)",,,,,,,,,,,,,,,,,,,,,
10 BCE-44 CE,Hellenic Jews,Jewish kingship with Roman connections,,Agrippa I (grandson of Herod who ruled as a Hellenized Jewish king with connections to Rome),,,,,,,,,,,,,,,,,,,,,
10-70 CE,Hellenic Jews,Full assimilation to Roman culture,,Tiberius Julius Alexander (nephew of Philo who abandoned Judaism for Roman service),,,,,,,,,,,,,,,,,,,,,
c. 15-65 CE,Hellenic Jews,Samaritan-Greek religious synthesis,,Dositheus the Samaritan (founded a Hellenized Samaritan sect influenced by Greek thought),,,,,,,,,,,,,,,,,,,,,
23-68 CE,Hellenic Jews,Jewish religious authority to Rome,,Ananus ben Ananus (Hellenized high priest who represented Jewish religious authority to Rome),,,,,,,,,,,,,,,,,,,,,
27-100 CE,Hellenic Jews,Hellenistic Jewish royalty under Rome,,Agrippa II (last Herodian king who embodied Hellenistic Jewish royalty under Roman authority),,,,,,,,,,,,,,,,,,,,,
35-100 CE,Hellenic Jews,Jewish history from Hellenistic perspective,,Justus of Tiberias (rival to Josephus; chronicled Jewish history from a Hellenistic perspective),,,,,,,,,,,,,,,,,,,,,
37-100 CE,Hellenic Jews,Jewish history for Roman audience,,Josephus (wrote Jewish history in Greek for Roman audience),,,,,,,,,,,,,,,,,,,,,
70-117 CE,Hellenic Jews,Jewish resistance in North Africa,,Lukuas (Andreas) (led Jewish resistance during the Diaspora Revolt in North Africa and Egypt),,,,,,,,,,,,,,,,,,,,,
80-117 CE,Hellenic Jews,Jewish resistance against Rome,,Julian and Pappos (leaders of Jewish resistance during the Kitos War against Rome),,,,,,,,,,,,,,,,,,,,,
130 CE,Hellenic Jews,Jewish-Greek philosophical synthesis,,Trypho the Jew (engaged in debates with early Christians; influenced by both Greek and Rabbinic thought),,,,,,,,,,,,,,,,,,,,,
Evolution of Yahweh's Name,,,,,,,,,,,,,,,,,,,,,,,,,
Period,Development,Context,,,,,,,,,,,,,,,,,,,,,,,
Pre-Mosaic,Origins of Yahweh,"May have developed from a Canaanite deity, possibly associated with metallurgy; name appears to predate Moses",,,,,,,,,,,,,,,,,,,,,,,
c. 850 BCE,Earliest Non-Biblical Attestation,Mesha Stele (Moabite Stone) is the earliest known non-biblical inscription mentioning Yahweh,,,,,,,,,,,,,,,,,,,,,,,
Biblical Period,Biblical Usage,"Name YHWH used throughout Hebrew Bible, traditionally linked to Hebrew verb ""to be"" (Exodus 3:14)",,,,,,,,,,,,,,,,,,,,,,,
Second Temple Period,Pronunciation Changes,"Scholarly consensus is that original pronunciation was ""Yahweh,"" though exact vowels uncertain",,,,,,,,,,,,,,,,,,,,,,,
3rd c. BCE–1st c. CE,Name Avoidance,"Jews ceased pronouncing the name, substituting ""Adonai"" (Lord) or ""Elohim"" (God) in reading",,,,,,,,,,,,,,,,,,,,,,,
6th–10th c. CE,Masoretic Development,"Jewish scribes (Masoretes) added vowel points of ""Adonai"" or ""Elohim"" to YHWH",,,,,,,,,,,,,,,,,,,,,,,
Medieval Period,Latinized Form,"The form ""Jehovah"" arose when Christian scholars combined consonants YHWH with vowels of ""Adonai""",,,,,,,,,,,,,,,,,,,,,,,
,,,,,,,,,,,,,,,,,,,,,,,,,
,,,,,,,,,,,,,,,,,,,,,,,,,
,,,,,,,,,,,,,,,,,,,,,,,,,
,,,,,,,,,,,,,,,,,,,,,,,,,
,,,,,,,,,,,,,,,,,,,,,,,,,
,,,,,,,,,,,,,,,,,,,,,,,,,
,,,,,,,,,,,,,,,,,,,,,,,,,
,,,,,,,,,,,,,,,,,,,,,,,,,
OLD REFERENCES,,,,,,,,,,,,,,,,,,,,,,,,,
Date (BCE/CE),Peoples/Cultures,Religious Beliefs & Practices,"Key Events, Conflicts, and Schisms",Sources,,,,,,,,,,,,,,,,,,,,,
c. 3500–1200 BCE,Canaanites (Bronze Age),"Polytheistic: El, Baal, Asherah, etc.",Canaanite city-states dominate; religious syncretism common,125.0,,,,,,,,,,,,,,,,,,,,,
c. 1400–1200 BCE,"Proto-Israelites, Hebrews",Early Yahweh worship possibly emerges; shared Canaanite deities and customs,Proto-Israelites emerge within Canaanite society,159.0,,,,,,,,,,,,,,,,,,,,,
c. 1208 BCE,Israelites,Yahweh worship present; Canaanite deities persist,"""Israel"" mentioned on Merneptah Stele; Israelites appear in Canaan",125.0,,,,,,,,,,,,,,,,,,,,,
c. 1200–1000 BCE,"Israelites, Canaanites","Yahweh worship spreads; Asherah, Baal, and others still venerated",Archaeology: new highland villages with Israelite identity,125.0,,,,,,,,,,,,,,,,,,,,,
c. 1000–930 BCE,United Monarchy,"Yahweh as national god, but polytheistic practices endure",Formation of Israelite state; syncretism and idol worship reported in biblical texts,1259.0,,,,,,,,,,,,,,,,,,,,,
c. 930–722 BCE,"Israel (North), Judah (South)","Official Yahwism, but Asherah and Baal worship widespread","Prophetic and royal opposition to ""idolatry""; Asherah worship in temples; Elijah vs. prophets of Baal and Asherah",1259.0,,,,,,,,,,,,,,,,,,,,,
c. 850 BCE,"Israel, Moab",Yahweh’s name attested outside Israel,Moabite Stone (Mesha Stele) contains earliest known extra-biblical reference to Yahweh,49.0,,,,,,,,,,,,,,,,,,,,,
c. 800–600 BCE,"Israel, Judah","Moves toward monolatry/monotheism, but popular religion includes Asherah",Assyrian conquest of Israel (722 BCE); reforms in Judah begin,1259.0,,,,,,,,,,,,,,,,,,,,,
640–609 BCE,Judah,"Josiah’s reforms: centralization of Yahweh worship, purging of Asherah and Baal","Josiah removes Asherah from Temple, burns symbols, suppresses goddess worship",125.0,,,,,,,,,,,,,,,,,,,,,
586 BCE,"Judah, Exiles in Babylon",Monotheism solidifies among elite; popular religion still varied,Babylonian conquest; Temple destroyed; exile accelerates monotheistic Yahwism,12359.0,,,,,,,,,,,,,,,,,,,,,
539 BCE and after,Jews under Persian rule,Monotheism institutionalized; Asherah/Baal worship marginalized,Return from exile; Second Temple built; official suppression of earlier syncretism,12359.0,,,,,,,,,,,,,,,,,,,,,
c. 515 BCE–70 CE,Jews (Second Temple period),Yahweh becomes sole deity; Judaism revised and canonized,Yahweh as state god of Judah; monotheism established; avoidance of pronouncing the name,2369.0,,,,,,,,,,,,,,,,,,,,,
3rd c. BCE–1st c. CE,Jews (Hellenistic/Roman era),"Name YHWH (Tetragrammaton) not pronounced; ""Adonai"" or ""Elohim"" substituted","Greek and Latin translations use ""Kyrios"" and ""Dominus""; ""the LORD"" in English Bibles",34789.0,,,,,,,,,,,,,,,,,,,,,
6th–10th c. CE,Jewish scribes (Masoretes),"Vowel points of ""Adonai"" or ""Elohim"" added to YHWH, creating ""Yehovah""/""Jehovah"" in later Christian use","Jews avoid pronouncing YHWH; Christian scholars Latinize the name as ""Jehovah""",34789.0,,,,,,,,,,,,,,,,,,,,,
Development of Yahweh’s Name,,,,,,,,,,,,,,,,,,,,,,,,,
,,,,,,,,,,,,,,,,,,,,,,,,,
"Origins: Yahweh may have developed from a Canaanite deity, possibly associated with metallurgy, and the name appears to predate Moses125.",,,,,,,,,,,,,,,,,,,,,,,,,
,,,,,,,,,,,,,,,,,,,,,,,,,
"Earliest Attestation: The Mesha Stele (Moabite Stone, c. 850 BCE) is the earliest known non-biblical inscription mentioning Yahweh49.",,,,,,,,,,,,,,,,,,,,,,,,,
,,,,,,,,,,,,,,,,,,,,,,,,,
"Biblical Usage: The name YHWH is used throughout the Hebrew Bible, with its meaning traditionally linked to the Hebrew verb ""to be"" (Exodus 3:14)6789.",,,,,,,,,,,,,,,,,,,,,,,,,
,,,,,,,,,,,,,,,,,,,,,,,,,
"Pronunciation: The scholarly consensus is that the original pronunciation was ""Yahweh,"" though the exact vowels are uncertain. Jews eventually ceased to pronounce the name, substituting ""Adonai"" (Lord) or ""Elohim"" (God) in reading34789.",,,,,,,,,,,,,,,,,,,,,,,,,
,,,,,,,,,,,,,,,,,,,,,,,,,
"Later Developments: The Latinized form ""Jehovah"" arose in the Middle Ages when Christian scholars combined the consonants YHWH with the vowels of ""Adonai""34789.",,,,,,,,,,,,,,,,,,,,,,,,,
,,,,,,,,,,,,,,,,,,,,,,,,,
Sources Used:1 Wikipedia: Yahweh2 World History Encyclopedia: Yahweh Timeline3 Britannica: Yahweh4 Wikipedia: Tetragrammaton5 Big Think: Origin of Yahweh Worship6 World History Encyclopedia: Yahweh7 The Oneness of God: Pronunciation History8 YRM.org: Scholars Attest to Yahweh9 Josh.org: History of the Tetragrammaton,,,,,,,,,,,,,,,,,,,,,,,,,
,,,,,,,,,,,,,,,,,,,,,,,,,
"This timeline integrates the development of Yahweh’s name, its earliest attestations, and its evolving religious significance alongside the broader evolution of Israelite and Jewish religion.",,,,,,,,,,,,,,,,,,,,,,,,,
Citations:,,,,,,,,,,,,,,,,,,,,,,,,,
https://en.wikipedia.org/wiki/Yahweh,,,,,,,,,,,,,,,,,,,,,,,,,
https://www.worldhistory.org/timeline/Yahweh/,,,,,,,,,,,,,,,,,,,,,,,,,
https://www.britannica.com/topic/Yahweh,,,,,,,,,,,,,,,,,,,,,,,,,
https://en.wikipedia.org/wiki/Tetragrammaton,,,,,,,,,,,,,,,,,,,,,,,,,
https://bigthink.com/the-past/yahweh-god-origins-israel/,,,,,,,,,,,,,,,,,,,,,,,,,
https://www.worldhistory.org/Yahweh/,,,,,,,,,,,,,,,,,,,,,,,,,
https://www.theonenessofgod.org/the-pronunciation-history-of-yahweh-to-jehovah/,,,,,,,,,,,,,,,,,,,,,,,,,
https://yrm.org/scholars-attest-to-the-royal-name-yahweh/,,,,,,,,,,,,,,,,,,,,,,,,,
https://www.josh.org/wp-content/uploads/sites/607/2015/09/History-of-the-Tetragrammaton.pdf,,,,,,,,,,,,,,,,,,,,,,,,,
https://yrm.org/history/,,,,,,,,,,,,,,,,,,,,,,,,,
,,,,,,,,,,,,,,,,,,,,,,,,,
Answer from Perplexity: pplx.ai/share,,,,,,,,,,,,,,,,,,,,,,,,,
,,,,,,,,,,,,,,,,,,,,,,,,,
,,,,,,,,,,,,,,,,,,,,,,,,,
,,,,,,,,,,,,,,,,,,,,,,,,,
"Certainly! Here is a timeline table showing the transition from Achaemenid Persian to Greek influence, and how these shifts affected the Jewish people:",,,,,,,,,,,,,,,,,,,,,,,,,
,,,,,,,,,,,,,,,,,,,,,,,,,
Year(s),Empire/Influence,Key Events & Developments,Impact on Jewish People,,,,,,,,,,,,,,,,,,,,,,
539 BCE,Achaemenid Persian,Cyrus the Great conquers Babylon; issues edict allowing Jews to return to Judea,End of Babylonian Exile; Jews rebuild Jerusalem and Temple,,,,,,,,,,,,,,,,,,,,,,
516 BCE,Achaemenid Persian,Second Temple completed in Jerusalem,Restoration of Jewish religious life and worship,,,,,,,,,,,,,,,,,,,,,,
515–445 BCE,Achaemenid Persian,"Persian-appointed governors (Zerubbabel, Nehemiah) rule Judea",Relative autonomy; exposure to Persian administration,,,,,,,,,,,,,,,,,,,,,,
500–332 BCE,Achaemenid Persian,Jews integrated into imperial bureaucracy; Aramaic becomes common language,"Cultural, legal, and linguistic Persian influences",,,,,,,,,,,,,,,,,,,,,,
c. 330 BCE,Transition Period,Alexander the Great defeats Darius III; end of Persian rule,Judea passes from Persian to Macedonian/Greek control,,,,,,,,,,,,,,,,,,,,,,
323 BCE,Greek (Hellenistic),Death of Alexander; empire splits among generals (Ptolemies & Seleucids),Judea caught between Ptolemaic Egypt and Seleucid Syria,,,,,,,,,,,,,,,,,,,,,,
301–198 BCE,Ptolemaic Greek,Ptolemies control Judea; Alexandria becomes major Jewish center,"Jews exposed to Greek language, culture, and administration",,,,,,,,,,,,,,,,,,,,,,
250 BCE,Ptolemaic Greek,Septuagint (Greek translation of Hebrew Bible) produced in Alexandria,Greek becomes key language for many Jews in the Diaspora,,,,,,,,,,,,,,,,,,,,,,
198 BCE,Seleucid Greek,Seleucids take control of Judea from Ptolemies,Increased Hellenistic pressure on Judean society,,,,,,,,,,,,,,,,,,,,,,
175–164 BCE,Seleucid Greek,Antiochus IV Epiphanes enforces Hellenization; desecrates Temple,Maccabean revolt; deep division between Hellenizers and traditionalists,,,,,,,,,,,,,,,,,,,,,,
164 BCE,Seleucid Greek,Maccabees rededicate the Temple (Hanukkah),Restoration of Jewish worship; rise of Hasmonean dynasty,,,,,,,,,,,,,,,,,,,,,,
140–37 BCE,Hasmonean Dynasty,Jewish self-rule under Hasmoneans; selective adoption of Hellenistic practices,Synthesis of Jewish and Hellenistic culture; internal strife,,,,,,,,,,,,,,,,,,,,,,
63 BCE,Roman Influence,Pompey conquers Jerusalem; Judea becomes Roman client state,End of independent Jewish rule; further Hellenistic influence under Rome,,,,,,,,,,,,,,,,,,,,,,
Summary of Influence and Relationships,,,,,,,,,,,,,,,,,,,,,,,,,
,,,,,,,,,,,,,,,,,,,,,,,,,
Achaemenid Period: Jews benefit from Persian tolerance and administrative structure; Aramaic and Persian customs influence Jewish society.,,,,,,,,,,,,,,,,,,,,,,,,,
,,,,,,,,,,,,,,,,,,,,,,,,,
"Greek/Hellenistic Period: Greek language, philosophy, and civic life spread. Some Jews embrace Hellenization (especially elites), while others resist, leading to social and religious tensions.",,,,,,,,,,,,,,,,,,,,,,,,,
,,,,,,,,,,,,,,,,,,,,,,,,,
"Resulting Dynamics: The clash between Hellenizing Jews and traditionalists shapes Jewish identity, culminating in the Maccabean revolt and ongoing debates about cultural adaptation.",,,,,,,,,,,,,,,,,,,,,,,,,
,,,,,,,,,,,,,,,,,,,,,,,,,
Let me know if you’d like further details or a visual timeline!,,,,,,,,,,,,,,,,,,,,,,,,,
,,,,,,,,,,,,,,,,,,,,,,,,,
Answer from Perplexity: pplx.ai/share,,,,,,,,,,,,,,,,,,,,,,,,,
