"Achaemenid Empire, Saka/Scythians, and Religious Interactions: A Timeline",,,,,,,,,,,,,,,,,,,,,,,,,
Year (BCE),Region/Group,Event/Interaction,Achaemenid/Saka/Scythian Relationship,Religious Interactions & Influence,Notes on Religious Figures & Syncretism,,,,,,,,,,,,,,,,,,,,
c. 2000–1700,Hyksos,"Origins in West Asia, migration into Egypt","West Asian (Semitic, not PIE)","West Asian deities, worship similar to Canaanites",,,,,,,,,,,,,,,,,,,,,
c. 1630–1530,Hyksos,"Ruled Northern Egypt (Delta), capital at Avaris","Not PIE, but Semitic","Worship of Baal, Seth (Egyptian storm god identified with Baal)",Expelled by Ahmose I (Egyptian persecution),,,,,,,,,,,,,,,,,,,,
c. 1000,Scythians,Migrate from Central Asia into Asian steppes,Eastern Iranian (PIE branch),"Animism, ancestor worship, sky gods, fire rituals",,,,,,,,,,,,,,,,,,,,,
c. 900–800,Scythians,Migrate to Pontic Steppe (north of Black Sea),Eastern Iranian (PIE),"Horse sacrifices, kurgan burials",,,,,,,,,,,,,,,,,,,,,
c. 750–700,Scythians,Settle in Ciscaucasian Steppe (Kuban river valley),Eastern Iranian (PIE),"Mixed with local cultures, syncretic practices",,,,,,,,,,,,,,,,,,,,,
c. 700–600,Saka/Scythians,"Saka migrate into Central Asia, expel Scythians west",,,,,,,,,,,,,,,,,,,,,,,
c. 600-550,Iranian Plateau (Medes/Persians),Zoroaster (Zarathushtra) preaches; early Zoroastrian concepts take shape,Pre-Achaemenid; Zoroastrianism will become linked to the Achaemenid Dynasty,"Dualistic cosmology (Ahura Mazda vs. Angra Mainyu), emphasis on ethical conduct, and a future savior figure","Early forms of messianic expectations within Zoroastrianism begin to develop, possibly influencing later concepts of savior figures.",,,,,,,,,,,,,,,,,,,,
c. 550–530,"Bactria, Gandhara, Sogdiana","Cyrus the Great expands east; Zoroastrianism and related cults spread, local traditions persist, Bactria and Gandhara become Achaemenid satrapies; Cyrus builds fortresses against Saka; defeats Saka Haumavarga",Achaemenid control established; interaction between Persian and local elites,Zoroastrianism interacts with Vedic traditions and local beliefs. Mithra gains prominence as a deity associated with covenants and loyalty,"Cyrus's reputation as a ""liberator"" (e.g., in the Hebrew Bible) contributes to a template for a royal figure associated with divine favor, justice, and the restoration of order. This template influences how later messianic figures are perceived.",,,,,,,,,,,,,,,,,,,,
c. 522–486,"Gandhara, Bactria, Arachosia, Sattagydia, Sindhu (Indus)",Darius I consolidates Achaemenid rule; regions listed in Behistun Inscription,Saka/Scythian groups incorporated as subjects and military allies; some Saka migrate into these satrapies,"Zoroastrianism and Iranian cults (e.g., Mithra) spread; syncretism with local beliefs",Taxila (Takṣaśila) becomes a major center for learning and religious exchange; Buddhist figures study here,,,,,,,,,,,,,,,,,,,,
c. 522,Achaemenid Empire,"Reign of Cambyses II, followed by Gaumata's rebellion",Political turmoil; Gaumata briefly seizes the throne,Religious upheaval and reforms; Gaumata may have promoted alternative religious practices,"(Speculative): Gaumata's brief rule and subsequent demonization create a legend of a ""false messiah"" or a figure who challenged the established religious order. This figure may become a template for understanding and interpreting other religious leaders and figures, particularly in regions exposed to Achaemenid influence.",,,,,,,,,,,,,,,,,,,,
c. 522-486,"Gandhara, Bactria, Arachosia, Sindhu",Darius I consolidates Achaemenid rule; regions listed in Behistun Inscription,Saka incorporated as subjects; Darius emphasizes Zoroastrianism as the state religion,Syncretism continues; Mithra becomes increasingly popular throughout the empire,"Increased contact with Indian religious traditions could facilitate the transmission of the Gaumata narrative to the East, where it influences early Buddhist hagiography. The character of Devadatta, a rival of the Buddha, may be speculatively connected to this narrative.",,,,,,,,,,,,,,,,,,,,
c. 520–518,Eastern Saka (Massagetae/Saka Tigraxauda),Darius I’s Campaigns against Saka; captures King Skunxa,Territories incorporated into Achaemenid Empire as part of Chorasmia; Saka pay tribute and provide mounted bowmen,,,,,,,,,,,,,,,,,,,,,,
c. 530-522,Saka (Central Asia),Cyrus killed in battle against Massagetae; interactions intensify with Saka tribes,Conflict and alliance; Saka become crucial military force in Achaemenid army,"Saka religious practices (sun worship, fire rituals) merge with Zoroastrian elements","Saka exposure to Zoroastrianism spreads ideas of a divine savior and cosmic conflict, potentially influencing their own religious figures and beliefs, to spread the idea of a messiah figure.",,,,,,,,,,,,,,,,,,,,
c. 513,Pontic Scythians (Saka tayaiy paradraya),Darius I’s Scythian Expedition across the Danube,"Outcome debated; some Achaemenid authority may have been established, but direct control unclear",,,,,,,,,,,,,,,,,,,,,,
c. 500–400,"Gandhara, Kashmir, Punjab","Achaemenid administration, Persian satraps govern, Saka tribes present",Saka/Scythian tribes both subjects and semi-autonomous; some serve in Achaemenid armies,"Zoroastrian and Mithraic cults influence local practices; fire worship, sky gods; Buddhist and Jain ideas emerge","Early Buddhist concepts (karma, rebirth, heaven) show Mazdean influence; Achaemenid religious ideas may have shaped Buddhist doctrine",,,,,,,,,,,,,,,,,,,,
5th–4th c.,Various Saka Tribes,Saka tribes listed as Achaemenid subjects,Supplying troops and tribute; some act as allies in Persian campaigns; others maintain autonomy,,,,,,,,,,,,,,,,,,,,,,
c. 400–330,"Gandhara, Bactria, Arachosia, Sogdiana",Saka and Scythian migrations intensify; Achaemenid control wanes with Alexander’s approach,"Saka/Scythian groups increase autonomy, later ally with Greeks","Religious syncretism: Greek, Iranian, and Indian elements merge; Zoroastrian sanctuaries found in Taxila","Mithra worship persists among Saka; some Saka rulers called ""Sons of the Sun"" (Mithraic title)",,,,,,,,,,,,,,,,,,,,
c. 330,Saka,Saka oppose Alexander the Great,Sometimes allying with Bactrians and Sogdians against him,,,,,,,,,,,,,,,,,,,,,,
c. 330-250,"Gandhara, Bactria, Punjab, Kashmir",Alexander's conquest; Rise of Indo-Greek and Saka kingdoms,"Saka become dominant; cultural exchange between Greek, Iranian, and Indian traditions","Buddhism flourishes; Gandhara art blends Greek, Iranian, and Buddhist motifs. Mithra continues to be worshiped among Saka populations","The concept of Maitreya, the future Buddha, develops further, possibly influenced by Mithraic messianic ideas. The Saka's embrace of Buddhism facilitates the syncretism of Iranian religious ideas with Buddhist teachings, including the notion of a messianic figure who will usher in a new era of enlightenment and peace.",,,,,,,,,,,,,,,,,,,,
c. 330–250,"Gandhara, Bactria, Punjab, Kashmir","Alexander conquers region; Greek satraps established, then Indo-Greek and Saka rule","Saka/Scythians become dominant in Bactria, Gandhara after Greeks","Buddhism flourishes under Indo-Greek and Saka patronage; Gandhara art blends Greek, Iranian, and Buddhist motifs",Saka kings depicted as Buddhist patrons; Buddhist iconography adopts Iranian and Hellenistic features,,,,,,,,,,,,,,,,,,,,
c. 100 BCE - 100 CE,Kushan Empire (Central Asia/India),Saka form part of the population and elite,Continued Saka presence; cultural and religious syncretism continues,Buddhism and Mithraism flourish alongside other religious traditions; Kushan art reflects this syncretism,"The development of Mahayana Buddhism, with its emphasis on bodhisattvas and universal salvation, may be influenced by the syncretism of Mithraic and Buddhist ideas. The figure of Maitreya becomes increasingly important in Mahayana Buddhism, representing the hope for a future messianic figure who will bring enlightenment to all beings.",,,,,,,,,,,,,,,,,,,,
,,,,,,,,,,,,,,,,,,,,,,,,,
,,,,,,,,,,,,,,,,,,,,,,,,,
,,,,,,,,,,,,,,,,,,,,,,,,,
,,,,,,,,,,,,,,,,,,,,,,,,,
,,,,,,,,,,,,,,,,,,,,,,,,,
,,,,,,,,,,,,,,,,,,,,,,,,,
,,,,,,,,,,,,,,,,,,,,,,,,,
,,,,,,,,,,,,,,,,,,,,,,,,,
,,,,,,,,,,,,,,,,,,,,,,,,,
,,,,,,,,,,,,,,,,,,,,,,,,,
,,,,,,,,,,,,,,,,,,,,,,,,,
,,,,,,,,,,,,,,,,,,,,,,,,,
,,,,,,,,,,,,,,,,,,,,,,,,,
,,,,,,,,,,,,,,,,,,,,,,,,,
,,,,,,,,,,,,,,,,,,,,,,,,,
,,,,,,,,,,,,,,,,,,,,,,,,,
,,,,,,,,,,,,,,,,,,,,,,,,,
,,,,,,,,,,,,,,,,,,,,,,,,,
,,,,,,,,,,,,,,,,,,,,,,,,,
,,,,,,,,,,,,,,,,,,,,,,,,,
,,,,,,,,,,,,,,,,,,,,,,,,,
,,,,,,,,,,,,,,,,,,,,,,,,,
,,,,,,,,,,,,,,,,,,,,,,,,,
,,,,,,,,,,,,,,,,,,,,,,,,,
,,,,,,,,,,,,,,,,,,,,,,,,,
,,,,,,,,,,,,,,,,,,,,,,,,,
,,,,,,,,,,,,,,,,,,,,,,,,,
"This speculative timeline provides a framework for exploring your hypothesis, but it is essential to approach it critically and with a clear understanding of the distinction between established historical evidence and speculative interpretation.",,,,,,,,,,,,,,,,,,,,,,,,,
Citations:,,,,,,,,,,,,,,,,,,,,,,,,,
https://ppl-ai-file-upload.s3.amazonaws.com/web/direct-files/attachments/31180957/56f19f8a-153c-4ccb-b416-f39d7e04d5c0/paste.txt,,,,,,,,,,,,,,,,,,,,,,,,,
,,,,,,,,,,,,,,,,,,,,,,,,,
Answer from Perplexity: pplx.ai/share,,,,,,,,,,,,,,,,,,,,,,,,,
,,,,,,,,,,,,,,,,,,,,,,,,,
,,,,,,,,,,,,,,,,,,,,,,,,,
,,,,,,,,,,,,,,,,,,,,,,,,,
,,,,,,,,,,,,,,,,,,,,,,,,,
"Achaemenids, Saka/Scythians, and the Messianic Legacy",,,,,,,,,,,,,,,,,,,,,,,,,
,,,,,,,,,,,,,,,,,,,,,,,,,
"(Merging Historical Records, Royal Dynastic Drama, and Religious Syncretism)",,,,,,,,,,,,,,,,,,,,,,,,,
,,,,,,,,,,,,,,,,,,,,,,,,,
Year (BCE),Region/Group,Historical Events,Royal Family Intrigue & Messianic Links,Religious Syncretism & Myths,Three Sisters / Three Trials / Propaganda Motifs,,,,,,,,,,,,,,,,,,,,
c. 2000–1700,Hyksos (West Asia/Egypt),Semitic migration into Egypt; rule northern Delta,—,"Worship of Baal/Seth; early ""usurper king"" tropes",—,,,,,,,,,,,,,,,,,,,,
c. 1630–1530,Hyksos Egypt,Capital at Avaris; expelled by Ahmose I,"Hidden Prince motif: Hyksos rulers demonized as ""foreign tyrants"" (prefigures Gaumata’s vilification).",Storm god syncretism (Baal=Seth),—,,,,,,,,,,,,,,,,,,,,
c. 1000,Scythians (Central Asia),Migration into steppes; Eastern Iranian (PIE) culture,Ancestral Saka kingship myths: divine horsemen linked to solar cults.,"Animism, sky gods, kurgan burials",—,,,,,,,,,,,,,,,,,,,,
c. 750–700,Scythians (Pontic Steppe),Settlement near Black Sea; contact with Greeks,"Three Sisters motif: Scythian warrior-women (e.g., Amazon queens) interact with Near Eastern elites.",Fire rituals blend with Greek/Near Eastern cults,Trial of Blood: Scythian princes prove worth via combat.,,,,,,,,,,,,,,,,,,,,
c. 550–530,Achaemenid Expansion,Cyrus the Great conquers Bactria/Gandhara; wars with Saka,"- Cyrus’s Three Daughters: Atossa (political queen), Artystone (supports Gaumata), Roxana (flees east).",Zoroastrianism spreads; Mithra as covenant god.,Trial of Wisdom: Cyrus learns kingship from Median shepherds.,,,,,,,,,,,,,,,,,,,,
,,,- Gaumata’s Origins: Illegitimate son of Cyrus by a Bactrian noblewoman; raised in secrecy.,"Gaumata’s reforms: tax relief, temple suspensions (parallels Buddha’s renunciation).",Hidden Prince: Gaumata survives infancy purge of Cyrus’s heirs.,,,,,,,,,,,,,,,,,,,,
522.0,Achaemenid Empire,"Gaumata seizes throne as ""Bardiya""; rules 7 months before Darius’s coup.","- Bactrian Power Base: Gaumata favors Bactrian elites, reduces Persian control.","Mithraic parallels: Gaumata as ""false sun king"" (later demonized as ""Magus"").","Darius’s 6 Helpers: Kill Gaumata (compare Buddha’s 6 rivals, Christ’s 12 disciples).",,,,,,,,,,,,,,,,,,,,
,,,"- Atossa’s Role: Marries Darius, legitimizing his rule (like Virgin Mary’s dynastic function?).","Resurrection Myth: Bactrian rumors claim Gaumata survived, fled to Gandhara (like Buddha’s ""great departure"").","Propaganda: Darius erases Gaumata’s reforms, calls him ""impostor.""",,,,,,,,,,,,,,,,,,,,
522–486,Bactria/Gandhara,Darius I consolidates power; Saka mercenaries suppress revolts.,Exiled Prince Theory: Achaemenid heir raised among Saka (echoes Buddha’s royal exile).,Early Buddhist karma/rebirth shows Zoroastrian influence.,"Three Princesses: 1) Saka warrior, 2) Persian Mithra-priestess, 3) Gandharan Buddhist queen.",,,,,,,,,,,,,,,,,,,,
500–400,Punjab/Gandhara,Achaemenid rule; Saka serve in Persian armies,Maitreya’s Roots: Saka elites blend Zoroastrian Saoshyant + Buddhist bodhisattva ideals.,Mithraic sun worship merges with Indian Surya cult.,"Festival of Ousting: Annual ritual ""killing"" of Gaumata effigy (like crucifixion reenactments).",,,,,,,,,,,,,,,,,,,,
330–250,Post-Alexander Bactria,Greek/Saka kingdoms rise; Gandhara art flourishes.,Hidden Prince as Buddha? Saka patrons fuse Iranian/Indian messianism.,"Maitreya absorbs Mithraic traits (solar halo, ""world ruler"").","Three Trials Completed: 1) Survival (purge), 2) Rule (reforms), 3) Legacy (posthumous cult).",,,,,,,,,,,,,,,,,,,,
100 BCE–100 CE,Kushan Empire,Saka-Kushan rulers adopt Buddhism; Silk Road exchange.,"Royal Messiahs: Kushan kings claim Cyrus/Gaumata lineage (e.g., Kanishka as ""Son of Heaven"").",Magi (Saka priests?) follow star prophecy (Mithraic astrology + Jewish messianism).,"Trial of Return: ""Three Wise Men"" seek hidden king (Christ child).",,,,,,,,,,,,,,,,,,,,
Key Narrative Threads,,,,,,,,,,,,,,,,,,,,,,,,,
Gaumata’s Saga,,,,,,,,,,,,,,,,,,,,,,,,,
,,,,,,,,,,,,,,,,,,,,,,,,,
Illegitimate son of Cyrus → reforms like Buddha → demonized like Devadatta.,,,,,,,,,,,,,,,,,,,,,,,,,
,,,,,,,,,,,,,,,,,,,,,,,,,
Bactrian Society: Cosmopolitan horse-cult Zoroastrians; Gaumata’s tax cuts won loyalty.,,,,,,,,,,,,,,,,,,,,,,,,,
,,,,,,,,,,,,,,,,,,,,,,,,,
"Aftermath: Rumored survival in Gandhara; annual ""false king"" ritual (compare Roman damnatio memoriae).",,,,,,,,,,,,,,,,,,,,,,,,,
,,,,,,,,,,,,,,,,,,,,,,,,,
Three Sisters of Cyrus,,,,,,,,,,,,,,,,,,,,,,,,,
,,,,,,,,,,,,,,,,,,,,,,,,,
Atossa: Power-broker for Darius (parallel to Virgin Mary’s dynastic role).,,,,,,,,,,,,,,,,,,,,,,,,,
,,,,,,,,,,,,,,,,,,,,,,,,,
Artystone: Supported Gaumata; purged (like Judas or scheming princess tropes).,,,,,,,,,,,,,,,,,,,,,,,,,
,,,,,,,,,,,,,,,,,,,,,,,,,
Roxana: Fled east; possible ancestor of Buddhist Kushan kings.,,,,,,,,,,,,,,,,,,,,,,,,,
,,,,,,,,,,,,,,,,,,,,,,,,,
Messianic Synthesis,,,,,,,,,,,,,,,,,,,,,,,,,
,,,,,,,,,,,,,,,,,,,,,,,,,
"Buddha (Past): Royal exile (like Gaumata), defeat of Mara (Gaumata’s trials).",,,,,,,,,,,,,,,,,,,,,,,,,
,,,,,,,,,,,,,,,,,,,,,,,,,
"Maitreya (Future): Solar king (Mithraic), Kushan patronage.",,,,,,,,,,,,,,,,,,,,,,,,,
,,,,,,,,,,,,,,,,,,,,,,,,,
Christ (West): Magi as Saka priests? Three temptations mirror three trials.,,,,,,,,,,,,,,,,,,,,,,,,,
,,,,,,,,,,,,,,,,,,,,,,,,,
Propaganda & Ritual,,,,,,,,,,,,,,,,,,,,,,,,,
,,,,,,,,,,,,,,,,,,,,,,,,,
Darius’s 6 conspirators vs. Gaumata (like Buddha’s 6 rivals).,,,,,,,,,,,,,,,,,,,,,,,,,
,,,,,,,,,,,,,,,,,,,,,,,,,
Festival of Gaumata’s Fall: Reinforced Persian orthodoxy (compare Passover/Purim).,,,,,,,,,,,,,,,,,,,,,,,,,
Archaeological & Literary Links,,,,,,,,,,,,,,,,,,,,,,,,,
,,,,,,,,,,,,,,,,,,,,,,,,,
"Bactrian Texts: Fragments hint at Gaumata cults (cf. Dead Sea Scrolls ""Teacher of Righteousness"").",,,,,,,,,,,,,,,,,,,,,,,,,
,,,,,,,,,,,,,,,,,,,,,,,,,
"Gandharan Art: Buddha depicted with Scythian features (e.g., ""Sakyamuni"" = ""Sage of the Scythians""?).",,,,,,,,,,,,,,,,,,,,,,,,,
,,,,,,,,,,,,,,,,,,,,,,,,,
"Behistun Inscription: Darius’s propaganda parallels Gospel of Mark’s ""false Messiah"" warnings.",,,,,,,,,,,,,,,,,,,,,,,,,
,,,,,,,,,,,,,,,,,,,,,,,,,
"This timeline fully merges all prior data, expanding dynastic intrigue and mythic resonance. Let me know if you’d like deeper focus on Bactrian archaeology or Indo-Iranian epics!",,,,,,,,,,,,,,,,,,,,,,,,,
,,,,,,,,,,,,,,,,,,,,,,,,,
,,,,,,,,,,,,,,,,,,,,,,,,,
,,,,,,,,,,,,,,,,,,,,,,,,,
,,,,,,,,,,,,,,,,,,,,,,,,,
,,,,,,,,,,,,,,,,,,,,,,,,,
,,,,,,,,,,,,,,,,,,,,,,,,,
Time Period,Event,People/Groups Involved,Details and Significance,Source(s),,,,,,,,,,,,,,,,,,,,,
800-700 BCE,Migration of the Yautiya tribe,"Yautiya, Medes, Persians","The Yautiya tribe, akin to the Yaudheyas, migrated due to pressures from the Medes, moving into Iran and later into the Punjab. This movement highlights early tribal dynamics in the region, setting the stage for later interactions with the Achaemenids. Understanding migratory patterns can clarify the distribution of potential allies and adversaries.","Buddha Prakash, Evolution of Heroic Tradition in Ancient Panjab",,,,,,,,,,,,,,,,,,,,,
700-600 BCE,Rise of the Median Empire,"Medes, Persians, Scythians","The Medes consolidated power in Western Iran, forming a kingdom that dominated the Persians. This period of Median dominance shaped Persian political and military organization, influencing the later Achaemenid Empire. This helps understand the power dynamics Cyrus the Great would later challenge.","Herodotus, Book I",,,,,,,,,,,,,,,,,,,,,
600-559 BC,Reign of Cambyses I,Cambyses I,"Grandfather of Cambyses II, king of Persis during a period of expanding Persian tribal influence",Dandamayev (1990),,,,,,,,,,,,,,,,,,,,,
600-575 BCE,Birth of Cyrus the Great,Cyrus the Great,"Birth of Cyrus the Great, future founder of the Achaemenid Empire. Understanding his lineage and early life is crucial to understanding his motivations and legitimacy.","Kent (1950), Old Persian: Grammar, Texts, Lexicon",,,,,,,,,,,,,,,,,,,,,
575 BCE,Birth of Cassandane Shahbanu,Cassandane (wife of Cyrus the Great),"Principal wife of Cyrus II, mother of Cambyses II and Atossa. Her death in 519 BCE triggered a six-day empire-wide mourning period ordered by Cyrus. Herodotus claims this demonstrated her unparalleled status. Her lineage and influence through her children impacted royal succession.","Herodotus, Histories II.1;14",,,,,,,,,,,,,,,,,,,,,
560-550 BCE,Birth of Bardiya (Smerdis),Bardiya (Smerdis),"Birth of Bardiya (Smerdis), son of Cyrus the Great and younger brother of Cambyses II. His existence and role are central to the Gaumata controversy.",Encyclopedia Britannica,,,,,,,,,,,,,,,,,,,,,
559 BCE,Cyrus Becomes King of Anshan,"Cyrus the Great, Achaemenid Dynasty","Cyrus inherits the throne of Anshan, a vassal kingdom under Median rule. This marks the beginning of his ascent to power and eventual challenge to Median supremacy.",Ancient History Encyclopedia,,,,,,,,,,,,,,,,,,,,,
550 BCE,Atossa born,"Atossa (daughter of Cyrus, wife/sister of Cambyses II, later wife of Darius I)","Daughter of Cyrus and Cassandane. Married her brother Cambyses II (r. 530–522 BCE) to secure his legitimacy. After Cambyses' death, she married Darius I, becoming mother of Xerxes I. Greek sources frame this as incestuous, though sibling marriage was a royal prerogative. Her multiple marriages highlight the role of royal women in consolidating power.","78; Briant, From Cyrus to Alexander",,,,,,,,,,,,,,,,,,,,,
550 BCE,Cyrus Overthrows Astyages,"Cyrus the Great, Astyages, Medes","Cyrus revolts against his Median overlord Astyages, defeating him and establishing the Achaemenid Empire as the dominant power in the region. This event marks a major shift in power and the beginning of Persian dominance.","Herodotus, Book I",,,,,,,,,,,,,,,,,,,,,
550 BC,Rise of Cyrus the Great,Cyrus the Great,"Establishment of the Achaemenid Empire, subjugating the Median Empire, Neo-Babylonian Empire, Lydia, and expanding into Central Asia",Briant (2002),,,,,,,,,,,,,,,,,,,,,
547 BCE,Cyrus captures Sardis,"Cyrus the Great, Croesus, Lydia","Cyrus defeats Croesus of Lydia and captures his capital, Sardis. This victory brings much of Asia Minor under Persian control and expands the empire's wealth and influence.","Herodotus, Book I",,,,,,,,,,,,,,,,,,,,,
540 BCE,Connection between Utians and Yautiya,"Utians, Yautiya, Herodotus","The Behistun Inscription mentions a region called ""Vautiya,"" which scholars connect to the people Herodotus referred to as ""Utians."" Clarifying geographical and tribal connections helps to understand the scope of Darius's claims and the nature of the rebellions he faced.","Bryce, Routledge Handbook of the Peoples and Places of Ancient Western Asia",,,,,,,,,,,,,,,,,,,,,
540 BCE,Artunis commands Persian military,Artunis (Lieutenant Commander),"Military leader under Cyrus II. Represented Persian women's active roles in warfare. Grave goods (spears, bows) from female warriors' tombs corroborate her status. Later overshadowed by male-centric historical records. Indicates the roles of women in the Achaemenid military.","14; Farrokh, Shadows in the Desert",,,,,,,,,,,,,,,,,,,,,
539 BCE,Pantea Arteshbod at Battle of Opis,Pantea Arteshbod (co-commander with husband Artybod),"Key strategist in Cyrus' conquest of Babylon. Later helped organize the 10,000 Immortals. Her legacy is minimized in later Greek accounts that downplay female military leadership. Highlights the importance of female leaders in the military, relevant to understanding power dynamics.",14.0,,,,,,,,,,,,,,,,,,,,,
539 BCE,Cyrus conquers Babylon,"Cyrus the Great, Nabonidus, Babylonians","Cyrus conquers Babylon, incorporating Mesopotamia into the Achaemenid Empire. This event is significant for its impact on Jewish history, as Cyrus allowed the Jews to return to Jerusalem and rebuild their temple.",Book of Ezra,,,,,,,,,,,,,,,,,,,,,
538 BC (March 27),New Year Festival Ritual,"Cambyses II, Cyrus the Great","Cambyses received the royal sceptre in Esagila, a temple dedicated to Marduk, during the traditional New Year festival",Dandamayev (1990),,,,,,,,,,,,,,,,,,,,,
538 BC (April),Appointment as Governor of Northern Babylonia,"Cambyses II, Cyrus the Great","Appointed governor of northern Babylonia, including the city of Babylon. Held the title of ""King of Babylon, King of the Lands""",Dandamayev (1990),,,,,,,,,,,,,,,,,,,,,
538 BC (December),Dismissal from Governorship,"Cambyses II, Cyrus the Great","Dismissed from governorship for unknown reasons, continued to reside in Babylonian cities Babylon and Sippar",Dandamayev (1990),,,,,,,,,,,,,,,,,,,,,
530 BC,Expedition against Massagetae,"Cyrus the Great, Cambyses II",Cambyses participated in the expedition but was sent back to Persia before Cyrus' fatal encounter with the Massagetae,Briant (2002),,,,,,,,,,,,,,,,,,,,,
530 BCE,Death of Cyrus the Great,,Cyrus the Great dies in battle against the Massagetae. Cambyses II becomes king. This succession is a critical juncture.,"Behistun Inscription, Herodotus",,,,,,,,,,,,,,,,,,,,,
530 BC,Succession and Co-rulership,"Cambyses II, Cyrus the Great","Appointed as co-ruler by Cyrus, took responsibility for carrying his father's body to Pasargadae for burial",Briant (2002),,,,,,,,,,,,,,,,,,,,,
530 BCE,Controversial marriage of Atossa,"Atossa, Cambyses II","Atossa's marriage to her brother Cambyses II reinforced dynastic purity but drew Greek condemnation as incestuous. Persian royal tradition viewed such unions as preserving ""divine bloodline."" This practice, or accusations of it, is relevant to the perception and legitimacy of Achaemenid rulers.",Herodotus III.88;36,,,,,,,,,,,,,,,,,,,,,
530-525 BCE,Bardiya appointed governor of eastern provinces,Bardiya,"Bardiya is appointed governor of eastern provinces, including Bactria. Establishes Bardiya's position and authority before the alleged coup.","Akbarzadeh & Yahyanezhad (2006), The Behistun Inscriptions",,,,,,,,,,,,,,,,,,,,,
525 BC,Conquest of Cyprus,Cambyses II,"Seized Cyprus from Amasis II, which was a significant blow to Egyptian power",Briant (2002),,,,,,,,,,,,,,,,,,,,,
525-522 BC,Egyptian Rule,Cambyses II,Adopted Egyptian royal titles; crowned at Sais temple; claimed descent from Egyptian royalty; reduced temple incomes,Llewellyn-Jones (2017),,,,,,,,,,,,,,,,,,,,,
526 BC,Political Preparations for Egyptian Conquest,"Cambyses II, Amasis II, Polycrates",Death of Amasis II weakened Egypt; Polycrates of Samos changed allegiance to support Cambyses,Briant (2002),,,,,,,,,,,,,,,,,,,,,
525 BC,Naval and Diplomatic Preparations,Cambyses II,"Created Persian navy using men and equipment from Phoenicia and Asia Minor; made a treaty with Arabs to secure water supply, Pre-525 BC",Briant (2002),,,,,,,,,,,,,,,,,,,,,
525 BC (Spring),Conquest of Egypt,"Cambyses II, Psamtik III",Defeated Egyptian forces at Pelusium; used a strategic tactic of placing sacred animals in the front lines; captured Memphis. This campaign expands the Achaemenid Empire to include Egypt further and adds to its resources.,"Briant (2002), Forster (1941)",,,,,,,,,,,,,,,,,,,,,
525 BCE,Cambyses II invades Egypt,"Cambyses II, Egyptians, Psamtik III","Cambyses II invades and conquers Egypt, bringing the country under Persian rule. ","Herodotus, Book III",,,,,,,,,,,,,,,,,,,,,
524 BC,Treatment of Apis Bull,Cambyses II,"Contrary to historical accounts, actually participated in the preservation and burial ceremony of an Apis bull",Briant (2002),,,,,,,,,,,,,,,,,,,,,
522 BCE,Cambyses orders the execution of Smerdis,"Cambyses II, Smerdis","According to Darius's Behistun Inscription, Cambyses orders the secret execution of his brother Smerdis due to suspicion of plotting against him. This claim is highly disputed, but it's a key element in Darius's justification for seizing power.",Behistun Inscription,,,,,,,,,,,,,,,,,,,,,
522 BCE,Bardiya (Smerdis) rules the Achaemenid Empire or is impersonated by Gaumata,"Bardiya (Smerdis), Gaumata, Darius I","Bardiya either ruled the Achaemenid Empire for a few months or was impersonated by a magus named Gaumata, who was later overthrown by Darius I. This is the central point of the controversy. Understanding the circumstances of this period is vital.","Encyclopedia Britannica, Behistun Inscription",,,,,,,,,,,,,,,,,,,,,
522 BC (Spring),Departure from Egypt,"Cambyses II, Aryandes",Left Egypt to deal with a rebellion in Persia; appointed Aryandes as governor of Egypt,Briant (2002),,,,,,,,,,,,,,,,,,,,,
522 BCE,Death of Cambyses II,,"Cambyses II dies under mysterious circumstances in Syria, reports of an infected leg wound from sword when mounting horse . Died from a thigh wound in Agbatana (likely Hama), childless; multiple theories about the cause of death exist The circumstances of his death are crucial to the succession crisis.","Herodotus, Behistun Inscription, Van De Mieroop (2003)",,,,,,,,,,,,,,,,,,,,,
522 BCE (Spring),Gaumata seizes power,Gaumata,A man named Gaumata claims to be Bardiya and seizes power in Persia. He is supported by key factions opposed to Cambyses. Identifying these factions is crucial.,"Behistun Inscription, Ctesias",,,,,,,,,,,,,,,,,,,,,
522 BCE (Summer-Fall),Revolts against Gaumata,,"Revolts erupt across the empire, with various factions resisting Gaumata/Bardiya. Mapping these revolts and their leaders is essential.","Behistun Inscription, Akbarzadeh & Yahyanezhad",,,,,,,,,,,,,,,,,,,,,
522 BCE,Revolt of Vahyazdâta,"Vahyazdâta, Darius I, Artavardiya","Vahyazdâta, claiming to be Bardiya, revolted in Persia. Many Persians sided with him, and he declared himself king. Understanding his support base can shed light on the legitimacy of Gaumata.",Behistun Inscription,,,,,,,,,,,,,,,,,,,,,
522 BCE,Vahyazdâta's challenge to Darius,"Vahyazdâta, Darius I, Vivana","Vahyazdâta attempted to capture the Kabul Valley but was defeated by the satrap of Harahvatis, Vivana. Shows the geographical spread of the revolts and the key figures involved.",Buddha Prakash,,,,,,,,,,,,,,,,,,,,,
522 BCE,Battle at Rakhâ,"Vahyazdâta, Artavardiya","Darius I sent Artavardiya with an army to suppress Vahyazdâta's rebellion. They fought at Rakhâ, where Artavardiya emerged victorious. Details of battles and military campaigns help to understand the consolidation of power.",Behistun Inscription,,,,,,,,,,,,,,,,,,,,,
522 BCE,Vahyazdâta's army sent to Arachosia,"Vahyazdâta, Vivâna","Vahyazdâta sent an army against Vivâna, Darius's satrap in Arachosia. The rebels were defeated at Kapiša-kaniš. Geographical details of the conflict.",Behistun Inscription,,,,,,,,,,,,,,,,,,,,,
522 BCE (September 29),Assassination of Gaumata,Darius the Great and six Persian nobles,Darius the Great and six Persian nobles assassinate Gaumata in a palace coup at Sikayauvati. Identifying the nobles involved and their motivations is crucial.,Behistun Inscription,,,,,,,,,,,,,,,,,,,,,
522 BCE (October-December),Rebellions break out against Darius,,"Several rebellions break out against Darius across the empire, including in Elam, Media, and Persia. The widespread nature of these rebellions challenges Darius's legitimacy.","Behistun Inscription, Kent (1950)",,,,,,,,,,,,,,,,,,,,,
522 BCE,Irdabama's economic empire,Irdabama (wealthiest businesswoman),"Oversaw wine/grain trade across 5 regions, employing 480+ workers. Used her seal to authenticate documents—unprecedented autonomy for a non-royal woman. No direct political role, but her wealth influenced court dynamics. Provides context on the economic landscape and influential figures outside of direct political power.",Persepolis Fortification Tablets;1,,,,,,,,,,,,,,,,,,,,,
522 BCE,Gaumata's coup & female backlash,"Sisygambis (mother of Darius III), noblewomen","After Gaumata (impostor claiming to be Bardiya) seized power, noblewomen reportedly funded Darius I's counter-coup to restore ""true"" Achaemenid lineage. Their involvement was erased from official (Behistun) accounts. Highlights the potential influence of women and factions within the court.","25; Brosius, Women in Ancient Persia",,,,,,,,,,,,,,,,,,,,,
521 BCE (March 12),Vahyazdata rises in Persia,Vahyazdata,"Vahyazdata, a Persian rebel claiming to be Bardiya, rises in Persia at the city of Tārvā in Yautiya district. Demonstrates continued resistance against Darius's rule.",Behistun Inscription,,,,,,,,,,,,,,,,,,,,,
521 BCE (May 24),Battle of Rakhâ,,Battle of Rakhâ: Vahyazdata's forces are defeated by Darius' general Artavardiya. Further suppression of rebellions.,Behistun Inscription,,,,,,,,,,,,,,,,,,,,,
521 BCE,Battle at Parga,"Vahyazdâta, Artavardiya","Vahyazdâta fled after his defeat at Rakhâ but gathered another army. He engaged Artavardiya again at Parga, where he was defeated and captured. Shows the persistence of the rebellion.",Behistun Inscription,,,,,,,,,,,,,,,,,,,,,
521 BCE (July 15),Battle of Parga,,Battle of Parga: Vahyazdata is again defeated and captured by Artavardiya.,Behistun Inscription,,,,,,,,,,,,,,,,,,,,,
521 BCE,Second battle in Arachosia,"Vahyazdâta's commander, Vivâna",The rebels regrouped but were defeated again at Gandutava. Their commander fled but was later captured and executed. Crushing of the rebellion in Arachosia.,Behistun Inscription,,,,,,,,,,,,,,,,,,,,,
521 BCE (August-September),Execution of Vahyazdâta,,Vahyazdata and his chief supporters are executed by crucifixion in Uvâdaicaya. Suppressing dissent and solidifying power.,Behistun Inscription,,,,,,,,,,,,,,,,,,,,,
521 BCE (December 29),Rebel forces defeated at Kapishkanish,,Rebel forces sent by Vahyazdata are defeated at Kapishkanish (Kandahar) by Darius' satrap Vivâna. Continuing to put down rebellions.,Behistun Inscription,,,,,,,,,,,,,,,,,,,,,
521 BCE (February 21),Final battle at Gandutava,,Final battle at Gandutava: remaining rebels loyal to Vahyazdata are crushed by Vivâna.,Behistun Inscription,,,,,,,,,,,,,,,,,,,,,
521 BCE (Spring),Last supporters of Vahyazdâta hunted down,,The last supporters of Vahyazdata flee to Arachosia but are hunted down and executed by Darius' forces. Eliminating remaining threats.,Behistun Inscription,,,,,,,,,,,,,,,,,,,,,
521 BCE,Execution of Vahyazdâta and followers,"Vahyazdâta, Darius I",Vahyazdâta and his chief followers were crucified in Uvâdaicaya by order of Darius I. Public display of power and the consequences of rebellion.,Behistun Inscription,,,,,,,,,,,,,,,,,,,,,
520 BCE onwards,Darius consolidates power,,"Darius consolidates power and executes further rivals, establishing his legitimacy over the Achaemenid throne.","Behistun Inscription, Kent (1950)",,,,,,,,,,,,,,,,,,,,,
518 BCE,Atossa's political influence peaks,"Atossa, Darius I","Persuaded Darius to name their son Xerxes as heir over older half-brothers, exploiting her status as Cyrus' daughter. Greek sources (Aeschylus) later dramatized this as manipulative, but Persian records frame it as astute diplomacy. Highlights the continued influence of Cyrus's lineage through Atossa.","Aeschylus, The Persians;78",,,,,,,,,,,,,,,,,,,,,
500 BCE,Settlement of Rohitas and Yautiya,"Rohitas, Yautiya, medieval rulers","The Rohitas, also known as Rohilas, settled in East Punjab, Rajasthan, and later in Rohilkhand, Uttar Pradesh, along with the Yautiya. Later settlements may reflect earlier migrations and alliances.","Buddha Prakash, Jodhpur inscription of Bauka",,,,,,,,,,,,,,,,,,,,,
500 BCE,Rise of incest accusations,Anonymous noblewomen,"Greek historians (e.g., Ctesias) began alleging rampant mother-son and sibling marriages among Persian elites. Modern scholars argue these claims exaggerated limited royal practices to demonize Persians. Zoroastrian texts from later eras (Vendidad) later codified xwedodah (kin-marriage), but Achaemenid evidence is scarce. Understanding the context of these accusations is important.","36; Bigwood, Incestuous Marriage in Achaemenid Iran",,,,,,,,,,,,,,,,,,,,,
480 BCE,Artaynte affair,"Artaynte (wife of Darius I's son Masistes), Xerxes I","Artaynte allegedly had an affair with Xerxes, leading Masistes to rebel. Xerxes executed Masistes and his sons, while Artaynte vanished from records. Herodotus uses this to frame Persian women as corrupting influences, masking deeper succession conflicts. These courtly intrigues highlight power dynamics and potential sources of instability.",Herodotus IX.108–113;5,,,,,,,,,,,,,,,,,,,,,
336 BCE,Sisygambis' diplomatic role,Sisygambis (mother of Darius III),"After Darius III's defeat by Alexander, Sisygambis negotiated her family's safety. Refused to acknowledge Darius' corpse, declaring Alexander her ""true son."" Later Greek accounts painted her as traitorous, but Babylonian texts suggest pragmatic diplomacy. Provides a glimpse into later Achaemenid history and the role of women in diplomacy.","Quintus Curtius Rufus, History of Alexander;4",,,,,,,,,,,,,,,,,,,,,
,,,,,,,,,,,,,,,,,,,,,,,,,
,,,,,,,,,,,,,,,,,,,,,,,,,
,,,,,,,,,,,,,,,,,,,,,,,,,
,,,,,,,,,,,,,,,,,,,,,,,,,
,,,,,,,,,,,,,,,,,,,,,,,,,
,,,,,,,,,,,,,,,,,,,,,,,,,
,,,,,,,,,,,,,,,,,,,,,,,,,
Post-Conquest,Expansion in North Africa,Cambyses II,Conquered Cyrenaica; Libyans and Greeks of Cyrene and Barca acknowledged his authority,Briant (2002),,,,,,,,,,,,,,,,,,,,,
,,,,,,,,,,,,,,,,,,,,,,,,,
,,,,,,,,,,,,,,,,,,,,,,,,,
,,,,,,,,,,,,,,,,,,,,,,,,,
Timestamp (BCE),Event/Period,Metadata/Location,Figures Involved,Source/Citation,Quotes/Primary Text,Description/Summary,,,,,,,,,,,,,,,,,,,
530.0,Death of Cyrus the Great,Persian Empire,Cyrus II (Cyrus the Great),"Herodotus, Cyrus Cylinder",-,"Cyrus the Great dies after expanding the Persian Empire from Eastern Iran to the Aegean Sea, conquering Media, Elam, Babylon, Lydia, and much of Assyria and Urartu. Egypt remains unconquered.",,,,,,,,,,,,,,,,,,,
525–522,Conquest of Egypt,Egypt,"Cambyses II (Kisis), Cyrus II",Herodotus,"""He took four years to prepare for his invasion which ended up being successful...""","Cambyses II, son of Cyrus, spends four years preparing for and successfully conquering Egypt, then stays another three years consolidating his hold and launching campaigns into Libya and Nubia.",,,,,,,,,,,,,,,,,,,
522.0,Crisis of 522: Usurpation,"Egypt, Persia, Media","Cambyses II, Bardiya (Bardia), Gaumata","Herodotus, Behistun Inscr.","""A messenger had arrived to inform him that a usurper now sat on his throne...""","While Cambyses II is in Egypt, he receives news that his brother Bardiya has usurped the throne. Cambyses claims Bardiya is already dead, suggesting an impostor (Gaumata) has taken power. Herodotus and the Behistun Inscription provide differing details on the events.",,,,,,,,,,,,,,,,,,,
522.0,Death of Cambyses II,Syria (en route to Persia),Cambyses II,"Herodotus, Behistun Inscr.","""Kisis died his own death.""",Cambyses II dies mysteriously while returning to reclaim his throne. Herodotus suggests an accidental self-inflicted wound; Behistun Inscription is ambiguous.,,,,,,,,,,,,,,,,,,,
522.0,Gaumata's Rule,"Persia, Media","Gaumata (the Magian), Bardiya (claimed)",Behistun Inscription,"""He lied thus to the people: I am Bardiya son of Cyrus, brother of Kisis...""","Gaumata, impersonating Bardiya, seizes power and is recognized as king. He gains popularity by exempting people from military service and taxes for three years.",,,,,,,,,,,,,,,,,,,
522.0,Darius’s Coup,"Fortress of Sikayauvati, Media","Darius I, Six Nobles, Gaumata",Behistun Inscription,"""I with a few men killed that Gaumata the Magian and his foremost followers...""","Darius, with six other nobles, kills Gaumata at a fortress in Media and claims the throne, asserting divine support from Ahura Mazda.",,,,,,,,,,,,,,,,,,,
522.0,Darius's Claim & Lineage,Persia,"Darius I, Hystaspes (father), Atossa",Behistun Inscription,"""I am Darius the Great King... son of Hystaspes, grandson of Arsames...""","Darius outlines his ancestry to legitimize his rule, claiming descent from a common ancestor with Cyrus. He marries Atossa, Cyrus's daughter, to strengthen his claim.",,,,,,,,,,,,,,,,,,,
522.0,Rebellions Across Empire,"Elam, Babylon, Persia, Media, etc.","Darius I, Aina (Elam), Nadin-Tabra (Babyl.)",Behistun Inscription,"""While I was in Babylon these are the countries which became rebellious against me...""","Multiple rebellions erupt across the empire (Elam, Babylon, Persia, Media, Assyria, Egypt, Parthia, etc.). Darius and his allies suppress them through military campaigns and brutal punishments.",,,,,,,,,,,,,,,,,,,
522–486,Darius's Reforms,Persian Empire,Darius I,"Herodotus, Behistun Inscr.","""He organized the empire into 20 governing districts called satrapies...""","Darius reorganizes the empire into satrapies (provinces), reforms administration, builds infrastructure (roads, canals), and strengthens central authority.",,,,,,,,,,,,,,,,,,,
-,Quotes & Reflections,Persian Empire,Darius I,Behistun Inscription,"""You who shall read this inscription Hereafter let what has been done by me convince you...""","Darius asserts that his actions were righteous and divinely sanctioned, urging future readers to believe his account and warning against supporting evildoers or followers of the lie.",,,,,,,,,,,,,,,,,,,
-,Scholarly Debate,Modern Scholarship,"Olmstead, various historians","Olmstead, Herodotus","""Why would Cambyses kill his only heir?""","Modern scholars question the official narrative, suggesting Darius may have fabricated parts of his story to legitimize his rule, including the death of Bardiya and his own royal lineage.",,,,,,,,,,,,,,,,,,,
Notes:,,,,,,,,,,,,,,,,,,,,,,,,,
,,,,,,,,,,,,,,,,,,,,,,,,,
Timestamps are approximate and based on the BCE dating in the narrative.,,,,,,,,,,,,,,,,,,,,,,,,,
,,,,,,,,,,,,,,,,,,,,,,,,,
"Figures Involved include rulers, usurpers, and historians.",,,,,,,,,,,,,,,,,,,,,,,,,
,,,,,,,,,,,,,,,,,,,,,,,,,
"Sources/Citations are primarily Herodotus and the Behistun Inscription, with modern scholarly commentary.",,,,,,,,,,,,,,,,,,,,,,,,,
,,,,,,,,,,,,,,,,,,,,,,,,,
Quotes are direct or paraphrased from the text and primary sources.,,,,,,,,,,,,,,,,,,,,,,,,,
,,,,,,,,,,,,,,,,,,,,,,,,,
Descriptions summarize the key events and scholarly interpretations.,,,,,,,,,,,,,,,,,,,,,,,,,
,,,,,,,,,,,,,,,,,,,,,,,,,
"If you need the table in a different format (CSV, Markdown, etc.), please let me know!",,,,,,,,,,,,,,,,,,,,,,,,,
Citations:,,,,,,,,,,,,,,,,,,,,,,,,,
https://ppl-ai-file-upload.s3.amazonaws.com/web/direct-files/attachments/31180957/9a01bcf0-601e-4678-ab65-8a9c70d2f448/paste.txt,,,,,,,,,,,,,,,,,,,,,,,,,
,,,,,,,,,,,,,,,,,,,,,,,,,
Answer from Perplexity: pplx.ai/share,,,,,,,,,,,,,,,,,,,,,,,,,
,,,,,,,,,,,,,,,,,,,,,,,,,
,,,,,,,,,,,,,,,,,,,,,,,,,
The Crisis of 522 BCE: A Detailed Timeline of Persian Imperial Intrigue,,,,,,,,,,,,,,,,,,,,,,,,,
,,,,,,,,,,,,,,,,,,,,,,,,,
"Based on the search results, I'll expand on the political maneuvering, intrigue, and unexplained historical events surrounding Darius's rise to power in greater detail.",,,,,,,,,,,,,,,,,,,,,,,,,
,,,,,,,,,,,,,,,,,,,,,,,,,
Timeline of Key Events and Political Intrigues,,,,,,,,,,,,,,,,,,,,,,,,,
Date (BCE),Event,Location,Key Figures,Political Maneuvering & Intrigue,Sources/Evidence,Unresolved Questions,,,,,,,,,,,,,,,,,,,
530.0,Death of Cyrus the Great,Unknown,Cyrus II (the Great),Established the foundation of the Persian Empire through rapid conquests,"Cyrus Cylinder, Herodotus",Circumstances of death unclear,,,,,,,,,,,,,,,,,,,
530-525,Cambyses II's Early Reign,Persia,"Cambyses II (Kisis), Bardiya",Cambyses possibly ordered Bardiya's execution before Egyptian campaign,"Herodotus, Behistun Inscription",Why would Cambyses kill his only heir?,,,,,,,,,,,,,,,,,,,
525-522,Egyptian Campaign,Egypt,Cambyses II,Four years of preparation followed by successful conquest; extended campaigns into Libya and Nubia,Herodotus,Was the extended stay in Egypt a strategic error?,,,,,,,,,,,,,,,,,,,
522 (Early),Bardiya/Gaumata Seizes Power,"Persia, Media",Bardiya/Gaumata,Usurper gained popularity by exempting people from military service and canceling taxes for 3 years,"Behistun Inscription, Herodotus",Was it the real Bardiya or an impostor?,,,,,,,,,,,,,,,,,,,
522.0,News Reaches Cambyses,Egypt,Cambyses II,"Cambyses claims Bardiya was already dead, suggesting an impostor had taken power",Herodotus,How did Cambyses know Bardiya was dead if it was a secret?,,,,,,,,,,,,,,,,,,,
522.0,Cambyses' Death,Syria (en route to Persia),Cambyses II,Mysterious death while returning to reclaim throne,"Behistun Inscription: ""Kisis died his own death""","Suicide, accident, or assassination?",,,,,,,,,,,,,,,,,,,
522.0,Darius's Conspiracy,Media,"Darius, Six Noble Conspirators",Darius and six nobles plotted against the ruler (Bardiya/Gaumata),Behistun Inscription,Was this a legitimate counter-coup or an opportunistic power grab?,,,,,,,,,,,,,,,,,,,
522.0,Assassination of Bardiya/Gaumata,"Fortress of Sikayauvati, Media","Darius I, Six Nobles, Gaumata","Darius: ""I with a few men killed that Gaumata the Magian and his foremost followers""",Behistun Inscription,How did they gain access to a fortified position?,,,,,,,,,,,,,,,,,,,
522.0,Legitimacy Campaign,Persia,Darius I,Claimed divine support from Ahura Mazda; created genealogy linking himself to Achaemenid line,Behistun Inscription,Was the Achaemenid lineage fabricated?,,,,,,,,,,,,,,,,,,,
522.0,Strategic Marriage,Persia,"Darius I, Atossa (daughter of Cyrus)",Married Cyrus's daughter to strengthen claim to throne,Historical records,Was this arranged before or after seizing power?,,,,,,,,,,,,,,,,,,,
522.0,Rebellion in Elam,Elam,Aina (son of Upadharma),Declared himself king in Elam,Behistun Inscription,Possible coordination with other rebellions?,,,,,,,,,,,,,,,,,,,
522.0,Babylonian Rebellion,Babylon,Nadin-Tabra (claiming to be Nebuchadnezzar),Claimed to be Nebuchadnezzar son of Nabonidus to gain legitimacy,Behistun Inscription,How did he convince Babylonians of this identity?,,,,,,,,,,,,,,,,,,,
522.0,Empire-Wide Rebellions,Multiple provinces,Various leaders,"Simultaneous rebellions in Persia, Media, Assyria, Egypt, Parthia, Margiana, Sattagydia",Behistun Inscription,Were these coordinated or opportunistic?,,,,,,,,,,,,,,,,,,,
522-521,Brutal Suppression,Throughout empire,"Darius I, loyal generals","Rebel leaders had noses, ears, and eyes gouged out before execution; followers hanged",Behistun Inscription,How many were executed in total?,,,,,,,,,,,,,,,,,,,
521-486,Administrative Reforms,Persian Empire,Darius I,Organized empire into 20-27 satrapies with efficient bureaucracy,"Herodotus, archaeological evidence",Were these planned before taking power?,,,,,,,,,,,,,,,,,,,
521-486,Infrastructure Development,Persian Empire,Darius I,"Built extensive road systems, canals, and administrative centers",Archaeological evidence,How much was continuation of Cyrus's policies?,,,,,,,,,,,,,,,,,,,
521-486,Propaganda Campaign,Throughout empire,Darius I,Monumental inscriptions like Behistun to legitimize rule,Behistun Inscription,How widely were these messages disseminated?,,,,,,,,,,,,,,,,,,,
Deeper Analysis of Political Intrigue,,,,,,,,,,,,,,,,,,,,,,,,,
The Mystery of Bardiya's Death,,,,,,,,,,,,,,,,,,,,,,,,,
,,,,,,,,,,,,,,,,,,,,,,,,,
One of the most contentious aspects of this period is whether Bardiya was actually killed before Cambyses left for Egypt. Several factors make this suspicious:,,,,,,,,,,,,,,,,,,,,,,,,,
,,,,,,,,,,,,,,,,,,,,,,,,,
"Isolation of Royal Women: The search results mention that royal women were kept in seclusion in the harem, which could explain why Bardiya's sisters didn't know of his death. However, this raises questions about how complete this isolation was.",,,,,,,,,,,,,,,,,,,,,,,,,
,,,,,,,,,,,,,,,,,,,,,,,,,
"Olmstead's Critique: The University of Chicago scholar asked why Cambyses would kill his only heir, especially when he had no sons himself. This would effectively end his family line.",,,,,,,,,,,,,,,,,,,,,,,,,
,,,,,,,,,,,,,,,,,,,,,,,,,
Alternative Theory: Some scholars suggest the real Bardiya was alive when Cambyses left for Egypt and took advantage of his brother's unpopularity and long absence to seize power.,,,,,,,,,,,,,,,,,,,,,,,,,
,,,,,,,,,,,,,,,,,,,,,,,,,
"Verification Problem: How could anyone verify Darius's claim that Bardiya was already dead? The only ""proof"" came from Darius himself after he had killed the man claiming to be Bardiya.",,,,,,,,,,,,,,,,,,,,,,,,,
Darius's Questionable Lineage,,,,,,,,,,,,,,,,,,,,,,,,,
,,,,,,,,,,,,,,,,,,,,,,,,,
The search results reveal significant doubts about Darius's claimed royal lineage:,,,,,,,,,,,,,,,,,,,,,,,,,
,,,,,,,,,,,,,,,,,,,,,,,,,
"Achaemenid Connection: Darius claimed descent from Achaemenes (Hakhamanish), asserting a common ancestor with Cyrus and Cambyses.",,,,,,,,,,,,,,,,,,,,,,,,,
,,,,,,,,,,,,,,,,,,,,,,,,,
Contradictory Evidence: The Cyrus Cylinder mentions Teispes as an ancestor but makes no reference to Achaemenes.,,,,,,,,,,,,,,,,,,,,,,,,,
,,,,,,,,,,,,,,,,,,,,,,,,,
Scholarly Skepticism: Modern historians suspect Darius may have invented Achaemenes to fabricate a blood relation to Cyrus's family.,,,,,,,,,,,,,,,,,,,,,,,,,
,,,,,,,,,,,,,,,,,,,,,,,,,
"Strategic Marriage: Darius married Atossa, Cyrus's daughter, which appears to be a calculated move to strengthen his tenuous claim to the throne.",,,,,,,,,,,,,,,,,,,,,,,,,
The Coordinated Rebellions,,,,,,,,,,,,,,,,,,,,,,,,,
,,,,,,,,,,,,,,,,,,,,,,,,,
The pattern and timing of rebellions suggest deeper political dynamics:,,,,,,,,,,,,,,,,,,,,,,,,,
,,,,,,,,,,,,,,,,,,,,,,,,,
"Simultaneous Uprisings: Rebellions erupted across multiple provinces immediately after Darius seized power, suggesting either:",,,,,,,,,,,,,,,,,,,,,,,,,
,,,,,,,,,,,,,,,,,,,,,,,,,
Widespread rejection of his legitimacy,,,,,,,,,,,,,,,,,,,,,,,,,
,,,,,,,,,,,,,,,,,,,,,,,,,
Opportunistic power grabs during a perceived moment of imperial weakness,,,,,,,,,,,,,,,,,,,,,,,,,
,,,,,,,,,,,,,,,,,,,,,,,,,
Possibly coordinated resistance to Darius's coup,,,,,,,,,,,,,,,,,,,,,,,,,
,,,,,,,,,,,,,,,,,,,,,,,,,
"Identity Claims: Several rebels claimed to be descendants of previous legitimate rulers (like Nebuchadnezzar in Babylon), using the same legitimacy tactics Darius employed.",,,,,,,,,,,,,,,,,,,,,,,,,
,,,,,,,,,,,,,,,,,,,,,,,,,
"Brutal Response: The extreme punishment of rebels (gouging out eyes, noses, ears before execution) suggests Darius felt deeply threatened and needed to make examples to prevent further resistance.",,,,,,,,,,,,,,,,,,,,,,,,,
Unexplained Historical Events,,,,,,,,,,,,,,,,,,,,,,,,,
,,,,,,,,,,,,,,,,,,,,,,,,,
"Cambyses' Death: The Behistun Inscription's cryptic statement that ""Kisis died his own death"" has been variously interpreted as suicide, accident, or even suggesting he was murdered. Herodotus implies an accidental self-inflicted wound, but the truth remains unknown.",,,,,,,,,,,,,,,,,,,,,,,,,
,,,,,,,,,,,,,,,,,,,,,,,,,
"The Six Conspirators: While Darius mentions six nobles who helped him kill Gaumata/Bardiya, their exact motivations remain unclear. Were they promised specific rewards? Did they believe Darius's version of events? How were they selected and recruited?",,,,,,,,,,,,,,,,,,,,,,,,,
,,,,,,,,,,,,,,,,,,,,,,,,,
"Access to the Fortress: How did Darius and his small group gain access to the heavily fortified position where Bardiya/Gaumata was staying? This suggests either inside help or that the ""fortress"" description was exaggerated to make the coup seem more impressive.",,,,,,,,,,,,,,,,,,,,,,,,,
,,,,,,,,,,,,,,,,,,,,,,,,,
"Egyptian Reaction: While the search results mention Egypt among the rebelling provinces, details about how Egypt responded to the rapid succession of Persian rulers are missing. Given its recent conquest, Egypt's response would have been strategically significant.",,,,,,,,,,,,,,,,,,,,,,,,,
,,,,,,,,,,,,,,,,,,,,,,,,,
"The Role of the Magi: Darius specifically identifies Gaumata as a ""Magian,"" suggesting religious dimensions to the conflict that aren't fully explained in the available sources.",,,,,,,,,,,,,,,,,,,,,,,,,
Legacy of the Crisis,,,,,,,,,,,,,,,,,,,,,,,,,
,,,,,,,,,,,,,,,,,,,,,,,,,
The events of 522 BCE fundamentally shaped the Persian Empire:,,,,,,,,,,,,,,,,,,,,,,,,,
,,,,,,,,,,,,,,,,,,,,,,,,,
"Administrative Transformation: Witnessing how quickly the empire could collapse, Darius implemented comprehensive reforms, creating a more sustainable administrative structure.",,,,,,,,,,,,,,,,,,,,,,,,,
,,,,,,,,,,,,,,,,,,,,,,,,,
"Propaganda Innovation: The Behistun Inscription represents one of history's first examples of monumental propaganda, carved at a height of 100 meters where ordinary people couldn't read it-suggesting it was meant more for divine legitimacy than public consumption.",,,,,,,,,,,,,,,,,,,,,,,,,
,,,,,,,,,,,,,,,,,,,,,,,,,
"Dynastic Shift: While maintaining the appearance of continuity with Cyrus's line through marriage and claimed ancestry, Darius effectively established a new branch of the Achaemenid dynasty that would rule until Alexander the Great's conquest.",,,,,,,,,,,,,,,,,,,,,,,,,
,,,,,,,,,,,,,,,,,,,,,,,,,
"Historical Narrative Control: Darius's version of events became the official history, demonstrating the power of controlling historical narrative in establishing legitimacy-a pattern repeated throughout history.",,,,,,,,,,,,,,,,,,,,,,,,,
,,,,,,,,,,,,,,,,,,,,,,,,,
"This tumultuous year represents one of ancient history's most fascinating case studies in political legitimacy, succession crisis management, and the establishment of imperial authority through a combination of force, propaganda, administrative skill, and strategic marriage alliances.",,,,,,,,,,,,,,,,,,,,,,,,,
Citations:,,,,,,,,,,,,,,,,,,,,,,,,,
https://ppl-ai-file-upload.s3.amazonaws.com/web/direct-files/attachments/31180957/9a01bcf0-601e-4678-ab65-8a9c70d2f448/paste.txt,,,,,,,,,,,,,,,,,,,,,,,,,
,,,,,,,,,,,,,,,,,,,,,,,,,
Answer from Perplexity: pplx.ai/share,,,,,,,,,,,,,,,,,,,,,,,,,
,,,,,,,,,,,,,,,,,,,,,,,,,
,,,,,,,,,,,,,,,,,,,,,,,,,
"Certainly! Here’s a detailed timeline table based on your provided text, with numeric timestamps, metadata, event information, figures, citations, quotes, and descriptions. The table is structured for clarity and reference.",,,,,,,,,,,,,,,,,,,,,,,,,
,,,,,,,,,,,,,,,,,,,,,,,,,
Timestamp (BCE),Event/Period,Metadata/Location,Figures Involved,Source/Citation,Quotes/Primary Text,Description/Summary,,,,,,,,,,,,,,,,,,,
530.0,Death of Cyrus the Great,Persian Empire,Cyrus II (Cyrus the Great),"Herodotus, Cyrus Cylinder",-,"Cyrus the Great dies after expanding the Persian Empire from Eastern Iran to the Aegean Sea, conquering Media, Elam, Babylon, Lydia, and much of Assyria and Urartu. Egypt remains unconquered.",,,,,,,,,,,,,,,,,,,
525–522,Conquest of Egypt,Egypt,"Cambyses II (Kisis), Cyrus II",Herodotus,"""He took four years to prepare for his invasion which ended up being successful...""","Cambyses II, son of Cyrus, spends four years preparing for and successfully conquering Egypt, then stays another three years consolidating his hold and launching campaigns into Libya and Nubia.",,,,,,,,,,,,,,,,,,,
522.0,Crisis of 522: Usurpation,"Egypt, Persia, Media","Cambyses II, Bardiya (Bardia), Gaumata","Herodotus, Behistun Inscr.","""A messenger had arrived to inform him that a usurper now sat on his throne...""","While Cambyses II is in Egypt, he receives news that his brother Bardiya has usurped the throne. Cambyses claims Bardiya is already dead, suggesting an impostor (Gaumata) has taken power. Herodotus and the Behistun Inscription provide differing details on the events.",,,,,,,,,,,,,,,,,,,
522.0,Death of Cambyses II,Syria (en route to Persia),Cambyses II,"Herodotus, Behistun Inscr.","""Kisis died his own death.""",Cambyses II dies mysteriously while returning to reclaim his throne. Herodotus suggests an accidental self-inflicted wound; Behistun Inscription is ambiguous.,,,,,,,,,,,,,,,,,,,
522.0,Gaumata's Rule,"Persia, Media","Gaumata (the Magian), Bardiya (claimed)",Behistun Inscription,"""He lied thus to the people: I am Bardiya son of Cyrus, brother of Kisis...""","Gaumata, impersonating Bardiya, seizes power and is recognized as king. He gains popularity by exempting people from military service and taxes for three years.",,,,,,,,,,,,,,,,,,,
522.0,Darius’s Coup,"Fortress of Sikayauvati, Media","Darius I, Six Nobles, Gaumata",Behistun Inscription,"""I with a few men killed that Gaumata the Magian and his foremost followers...""","Darius, with six other nobles, kills Gaumata at a fortress in Media and claims the throne, asserting divine support from Ahura Mazda.",,,,,,,,,,,,,,,,,,,
522.0,Darius's Claim & Lineage,Persia,"Darius I, Hystaspes (father), Atossa",Behistun Inscription,"""I am Darius the Great King... son of Hystaspes, grandson of Arsames...""","Darius outlines his ancestry to legitimize his rule, claiming descent from a common ancestor with Cyrus. He marries Atossa, Cyrus's daughter, to strengthen his claim.",,,,,,,,,,,,,,,,,,,
522.0,Rebellions Across Empire,"Elam, Babylon, Persia, Media, etc.","Darius I, Aina (Elam), Nadin-Tabra (Babyl.)",Behistun Inscription,"""While I was in Babylon these are the countries which became rebellious against me...""","Multiple rebellions erupt across the empire (Elam, Babylon, Persia, Media, Assyria, Egypt, Parthia, etc.). Darius and his allies suppress them through military campaigns and brutal punishments.",,,,,,,,,,,,,,,,,,,
522–486,Darius's Reforms,Persian Empire,Darius I,"Herodotus, Behistun Inscr.","""He organized the empire into 20 governing districts called satrapies...""","Darius reorganizes the empire into satrapies (provinces), reforms administration, builds infrastructure (roads, canals), and strengthens central authority.",,,,,,,,,,,,,,,,,,,
-,Quotes & Reflections,Persian Empire,Darius I,Behistun Inscription,"""You who shall read this inscription Hereafter let what has been done by me convince you...""","Darius asserts that his actions were righteous and divinely sanctioned, urging future readers to believe his account and warning against supporting evildoers or followers of the lie.",,,,,,,,,,,,,,,,,,,
-,Scholarly Debate,Modern Scholarship,"Olmstead, various historians","Olmstead, Herodotus","""Why would Cambyses kill his only heir?""","Modern scholars question the official narrative, suggesting Darius may have fabricated parts of his story to legitimize his rule, including the death of Bardiya and his own royal lineage.",,,,,,,,,,,,,,,,,,,
